CompanyName,Logo,Location,Description,Batch,Industry,SubIndustry
Martin,https://bookface-images.s3.amazonaws.com/small_logos/119d7a60f36724b2c8e50e07a148e97dcac4f648.png,"Sunnyvale, CA, USA",An AI voice assistant that knows you.,S23,CONSUMER,HOME AND PERSONAL
Healthtech 1,https://bookface-images.s3.amazonaws.com/small_logos/15cc6519a2b0765f7891150168879dacd368471a.png,,Digitising repetitive processes in healthcare,S23,HEALTHCARE,HEALTHCARE IT
Orbio Earth,https://bookface-images.s3.amazonaws.com/small_logos/c8b46bfc8422d4590d819ae4695c62834845a549.png,"Remote; Berlin, Berlin, Germany; Amsterdam, NH, Netherlands",Tracking methane emissions with satellites,S23,B2B SOFTWARE AND SERVICES,ANALYTICS
CodeStory,https://bookface-images.s3.amazonaws.com/small_logos/6a9169e160dd38d456fe04d3f659d2d15573346d.png,"Remote; San Francisco, CA, USA; London, England, United Kingdom","10x engineer, right inside your editor.",S23,B2B SOFTWARE AND SERVICES,"ENGINEERING, PRODUCT AND DESIGN"
CatX,https://bookface-images.s3.amazonaws.com/small_logos/5e9b41e83a612b700ead913b983376272ea61f82.png,,The exchange for trading and transferring risk,S23,FINANCIAL TECHNOLOGY,INSURANCE
Coba,https://bookface-images.s3.amazonaws.com/small_logos/064ab4995b234ee61187e6d755a27338f57c5c90.png,"Austin, TX, USA; Monterrey, N.L., Mexico; Remote",Dual Currency Accounts For LatAm,S23,FINANCIAL TECHNOLOGY,
Taylor AI,https://bookface-images.s3.amazonaws.com/small_logos/28c895e1c90c675df25bb14de3ff63d85f992b8c.png,"San Francisco, CA, USA",Enabling data scientists to fine-tune and own LLMs,S23,B2B SOFTWARE AND SERVICES,
Tempo Labs,https://bookface-images.s3.amazonaws.com/small_logos/860f478b7cd2ea33eefb86e90c9c693abef2997f.png,"Toronto, ON, Canada",AI design tool like figma which can edit any react codebase,S23,B2B SOFTWARE AND SERVICES,"ENGINEERING, PRODUCT AND DESIGN"
TrendUp,https://bookface-images.s3.amazonaws.com/small_logos/24462245cb946e474172ede7e1fef97091c38ff8.png,"Remote; San Francisco, CA, USA; Irvine, CA, USA",AI tools to help you go viral on any platform,S23,B2B SOFTWARE AND SERVICES,
ztool,https://bookface-images.s3.amazonaws.com/small_logos/18d93949898839bd7fecec02cbbf09f9fc63b33e.png,"San Francisco, CA, USA; New York, NY, USA","The personal developer for entrepreneurs, analysts, and marketers.",S23,B2B SOFTWARE AND SERVICES,PRODUCTIVITY
truemetrics,https://bookface-images.s3.amazonaws.com/small_logos/1513def83138d2fa73600b3cb7004009e52304db.png,"Berlin, Berlin, Germany",Fixing bad GPS positions and incomplete map data on the last mile.,S23,B2B SOFTWARE AND SERVICES,SUPPLY CHAIN AND LOGISTICS
WalletKit,https://bookface-images.s3.amazonaws.com/small_logos/1387fa86038aa086967d6683e91e59a383f2dd17.png,"Remote; New York, NY, USA; Palo Alto, CA, USA",Developer platform for building web3 apps with simple HTTP APIs,S23,B2B SOFTWARE AND SERVICES,INFRASTRUCTURE
AutoInfra,https://bookface-images.s3.amazonaws.com/small_logos/4356c54de3fbcdc51e491bddedb643e4589e87b1.png,,Infrastructure as Language. Automating DevOps and Infra with AI.,S23,B2B SOFTWARE AND SERVICES,"ENGINEERING, PRODUCT AND DESIGN"
Nowadays,https://bookface-images.s3.amazonaws.com/small_logos/749f530b1baf217e1e863d6e096dd1712cfa2e42.png,"San Francisco, CA, USA",AI-powered event planning co-pilot.,S23,B2B SOFTWARE AND SERVICES,OPERATIONS
Structured,https://bookface-images.s3.amazonaws.com/small_logos/452e48c0e0c4bddca55b269be9dafcb249e368f0.png,"San Francisco, CA, USA; New York, NY, USA",LLMs for Analyzing Logs and Reducing Downtime,S23,B2B SOFTWARE AND SERVICES,"ENGINEERING, PRODUCT AND DESIGN"
Simbie Health,https://bookface-images.s3.amazonaws.com/small_logos/949d642ab981cf259bb83456258bd199124aff24.png,"San Francisco, CA, USA; New York, NY, USA","The AI-powered, virtual front door for women’s health.",S23,HEALTHCARE,
AiSDR,https://bookface-images.s3.amazonaws.com/small_logos/3c4ee33b19412517e139da731ca8d250eae8eee8.png,"Remote; San Francisco, CA, USA",AI sales prospecting. Replace your SDR with AiSDR,S23,B2B SOFTWARE AND SERVICES,SALES
Giga ML,https://bookface-images.s3.amazonaws.com/small_logos/e8078b1a0f42099cef5ed677185de3100fe9ac4c.png,"San Francisco, CA, USA",We Supercharge open-source LLMs to outperform GPT-4 for your use-case.,S23,B2B SOFTWARE AND SERVICES,"ENGINEERING, PRODUCT AND DESIGN"
Sero AI,https://bookface-images.s3.amazonaws.com/small_logos/5227f359f4de57153235fb56382352d4b848a909.png,"San Jose, CA, USA",AI powered Trust and Safety operations platform for Enterprises,S23,B2B SOFTWARE AND SERVICES,
Affinity,https://bookface-images.s3.amazonaws.com/small_logos/883b7bc8ea92895dbca7a59f5ad014c489f3729a.png,"Remote; New York, NY, USA",A compliance training platform built for regulated industries.,S23,B2B SOFTWARE AND SERVICES,
FlowiseAI,https://bookface-images.s3.amazonaws.com/small_logos/a6c1c9b6e16de0c6a1de55b81d8dbf0fbf3f3ad1.png,"Remote; San Francisco, CA, USA; Dublin, County Dublin, Ireland",Open source UI visual tool to build LLM apps,S23,B2B SOFTWARE AND SERVICES,
Shadeform,https://bookface-images.s3.amazonaws.com/small_logos/7a846e62f95a076c15722c84a203afd1fccb34a5.png,"San Francisco, CA, USA",Unified Multi-Cloud GPU Infra - Solving for GPU Shortage,S23,B2B SOFTWARE AND SERVICES,"ENGINEERING, PRODUCT AND DESIGN"
Cargo,https://bookface-images.s3.amazonaws.com/small_logos/60fdb246167ec39d5f5cdf91bcde30b37a243707.png,"San Francisco, CA, USA; Paris, Île-de-France, France; Remote",Headless revenue architecture,S23,B2B SOFTWARE AND SERVICES,SALES
Roame,https://bookface-images.s3.amazonaws.com/small_logos/7f2575793e5340c7b238109e6ddb277c072e9469.png,"San Francisco, CA, USA",Google flights using points and miles,S23,B2B SOFTWARE AND SERVICES,
dili,https://bookface-images.s3.amazonaws.com/small_logos/3fce5b34ec4e9d7dac0b1a3017ebf5fa934294c7.png,"Remote; New York, NY, USA",Accelerate capital markets due diligence with AI,S23,B2B SOFTWARE AND SERVICES,FINANCE AND ACCOUNTING
Trayd,https://bookface-images.s3.amazonaws.com/small_logos/b0a9f2865966789c4edf9a5fb78aced71bf8c4d9.png,Remote,A construction payroll platform designed for same-day pay.,S23,B2B SOFTWARE AND SERVICES,FINANCE AND ACCOUNTING
Line.Build,https://bookface-images.s3.amazonaws.com/small_logos/bbb7409bf926a08146ddde7971bd40c387b62a4f.png,"Remote; San Francisco, CA, USA; Seattle, WA, USA",Enabling affordable building decarbonization,S23,B2B SOFTWARE AND SERVICES,
Retake,https://bookface-images.s3.amazonaws.com/small_logos/0703662b682a3263b77d7f7a5553b96404c80d31.png,"New York, NY, USA; Remote",Open source infrastructure for vector data streams,S23,B2B SOFTWARE AND SERVICES,
Eden Care,https://bookface-images.s3.amazonaws.com/small_logos/809f689043b55a17806551f8ae0b43ebd1950ef1.png,"Nairobi, Nairobi County, Kenya; Kigali, Kigali City, Rwanda; Remote",Eden Care Healthcare Rwanda Limited,S23,FINANCIAL TECHNOLOGY,INSURANCE
Quill AI,https://bookface-images.s3.amazonaws.com/small_logos/8e7762092d8acb956495f524447c38dcb3271f81.png,"New York, NY, USA",Automation Software for Financial Analysts,S23,B2B SOFTWARE AND SERVICES,FINANCE AND ACCOUNTING
Smobi,https://bookface-images.s3.amazonaws.com/small_logos/c0d2a48d885a7f5a51a9f3b4a3c5034f335e5645.png,"New York, NY, USA; Remote",Zillow for SMB Sales,S23,CONSUMER,
Tiptap,https://bookface-images.s3.amazonaws.com/small_logos/45a420bd235fd41d8ee714d37c421a5f053f3657.png,"Berlin, Berlin, Germany; Remote",Developer toolkit for building collaborative apps.,S23,B2B SOFTWARE AND SERVICES,"ENGINEERING, PRODUCT AND DESIGN"
Fiber AI,https://bookface-images.s3.amazonaws.com/small_logos/e7118ffc006ccecf44fec5c8d5c5268024216181.png,"San Francisco, CA, USA; Remote",We automate prospecting & outbound marketing for startups.,S23,B2B SOFTWARE AND SERVICES,
Monitaur,https://bookface-images.s3.amazonaws.com/small_logos/1a181faead4f7cb5ac4fbd19b045dc1d70c092db.png,"Remote; San Francisco, CA, USA; Las Vegas, NV, USA",Datadog for Web3,S23,B2B SOFTWARE AND SERVICES,INFRASTRUCTURE
Cedalio,https://bookface-images.s3.amazonaws.com/small_logos/5dec34878ef845b910a37077f5a69e6985be8453.png,"San Francisco, CA, USA; Remote",A decentralized alternative to Firebase or Supabase with a GraphQL…,S23,B2B SOFTWARE AND SERVICES,"ENGINEERING, PRODUCT AND DESIGN"
Happyrobot,https://bookface-images.s3.amazonaws.com/small_logos/6705cdf5afc5810edab17d877c9eceb3cdc222cd.png,"San Francisco, CA, USA; Remote",Build computer vision applications faster,S23,B2B SOFTWARE AND SERVICES,"ENGINEERING, PRODUCT AND DESIGN"
Pure 🪙,https://bookface-images.s3.amazonaws.com/small_logos/b3bb59ff1128766ef430cc6f942ac40af9c43264.png,"Berkeley, CA, USA",Marketplace for Rare Coins & Precious Metals,S23,CONSUMER,
Nanograb,https://bookface-images.s3.amazonaws.com/small_logos/3af7e37b601f838987b93fc518f5b9ac0763dea5.png,"Remote; London, England, United Kingdom",Multivalent nanomedicines with next-generation targeting capabilities,S23,HEALTHCARE,DRUG DISCOVERY AND DELIVERY
Movley,https://bookface-images.s3.amazonaws.com/small_logos/d2625ec15b7662b88963c5423d03ea8514841ce7.png,"San Francisco, CA, USA; Los Angeles, CA, USA; New York, NY, USA; Salt Lake City, UT, USA; Remote",Quality Control Platform for Marketplace Sellers,S23,B2B SOFTWARE AND SERVICES,SUPPLY CHAIN AND LOGISTICS
Santé,https://bookface-images.s3.amazonaws.com/small_logos/15a2b4571e1045f35c0ba2461c33ab3553502aba.png,"New York, NY, USA; Remote",Modern POS for Liquor Stores,S23,B2B SOFTWARE AND SERVICES,RETAIL
Inventive AI,https://bookface-images.s3.amazonaws.com/small_logos/e2f3e236b6e3d011d1321fa8bad90d390a4822ff.png,"Mountain View, CA, USA",Enterprise-ready AI agents to automate content creation,S23,B2B SOFTWARE AND SERVICES,
Cyclone,https://bookface-images.s3.amazonaws.com/small_logos/696ef7c765b24345b18c61eaa934aca5ebe64d82.png,"San Francisco, CA, USA; New York, NY, USA; Palo Alto, CA, USA","Instant coding playground for any doc site, powered by GPT",S23,B2B SOFTWARE AND SERVICES,"ENGINEERING, PRODUCT AND DESIGN"
Fragment,https://bookface-images.s3.amazonaws.com/small_logos/be4e9bd7f63558bd6260af17bced35208154f2af.png,"San Francisco, CA, USA; Paris, Île-de-France, France",Task management for fintech and insurtech,S23,B2B SOFTWARE AND SERVICES,OPERATIONS
sudocode,https://bookface-images.s3.amazonaws.com/small_logos/ef63e061644f1c078acf080390ecfeb83f75521b.png,"Remote; Mountain View, CA, USA; New York, NY, USA; Boston, MA, USA",Markdown is all you need,S23,B2B SOFTWARE AND SERVICES,"ENGINEERING, PRODUCT AND DESIGN"
Sweep,https://bookface-images.s3.amazonaws.com/small_logos/885d2be670d352a8d396403e926005fd75ce210b.png,"San Francisco, CA, USA",AI-powered junior dev,S23,B2B SOFTWARE AND SERVICES,"ENGINEERING, PRODUCT AND DESIGN"
Andromeda Surgical,https://bookface-images.s3.amazonaws.com/small_logos/ad29152e507992c17de56b3d0a62d1fd6769fd3b.png,"San Francisco, CA, USA","Autonomous robots for safer, better, faster surgery",S23,HEALTHCARE,MEDICAL DEVICES
ProdTrace,https://bookface-images.s3.amazonaws.com/small_logos/9a9cd04ce92072dbc8e58cc9a049fc742fd77575.png,"San Francisco, CA, USA",AI driven BOM and supplier management for hardware companies,S23,B2B SOFTWARE AND SERVICES,SUPPLY CHAIN AND LOGISTICS
Roundtable,https://bookface-images.s3.amazonaws.com/small_logos/e75b3701367f92118dfb24055cc3333d139fe333.png,"Princeton, NJ, USA","Faster, cheaper, better surveys",S23,B2B SOFTWARE AND SERVICES,MARKETING
SafetyKit,https://bookface-images.s3.amazonaws.com/small_logos/c9e75c5434d4db65b7f3f6434cf59d0341971429.png,"San Francisco, CA, USA",AI-Powered Trust and Safety Automation,S23,B2B SOFTWARE AND SERVICES,
Inlet,https://bookface-images.s3.amazonaws.com/small_logos/25e62f89ae4f3fef57571a6c9170c93f95eb4d80.png,"New York, NY, USA; San Diego, CA, USA",Integrate software with AI.,S23,B2B SOFTWARE AND SERVICES,OPERATIONS
Converge,https://bookface-images.s3.amazonaws.com/small_logos/6ddaa5bebf2aae550b90599e16a46dc1f877c755.png,"San Francisco, CA, USA; London, England, United Kingdom",Segment for Ecommerce,S23,B2B SOFTWARE AND SERVICES,
Flint,https://bookface-images.s3.amazonaws.com/small_logos/3ae7ccbcf0f08279561c5897abc3d64c3bf525b1.png,"San Francisco, CA, USA",Copilot for K-12 teachers,S23,EDUCATION,
Osium AI,https://bookface-images.s3.amazonaws.com/small_logos/17409239d13cf1106205231c915b030f64bc868e.png,"San Francisco, CA, USA; Paris, Île-de-France, France",AI for advanced and sustainable materials discovery,S23,B2B SOFTWARE AND SERVICES,
Slicker,https://bookface-images.s3.amazonaws.com/small_logos/8a6d3f0c8afa88cbacfb092cfdf786243c3f8519.png,"London, England, United Kingdom",Gusto for Europe,S23,B2B SOFTWARE AND SERVICES,HUMAN RESOURCES
Khoj,https://bookface-images.s3.amazonaws.com/small_logos/bd6227d42ac8c50f126c05afb2c2cf0bc82af194.png,"Remote; San Francisco, CA, USA; Bengaluru, KA, India",A Personal AI Assistant for your Digital Brain,S23,CONSUMER,
VaultPay,https://bookface-images.s3.amazonaws.com/small_logos/a57948d960506de4d2db61aa15be3edc4b84ada1.png,"San Francisco, CA, USA; Montreal, QC, Canada; Kinshasa, Kinshasa, Democratic Republic of the Congo; Remote",Building payments infrastructure for Central Africa,S23,FINANCIAL TECHNOLOGY,PAYMENTS
Kobalt Labs,https://bookface-images.s3.amazonaws.com/small_logos/1c0b0e768a324b2566a3f866bf380445d3ae2fb8.png,"New York, NY, USA",Modern security for generative AI.,S23,B2B SOFTWARE AND SERVICES,SECURITY
Studdy,https://bookface-images.s3.amazonaws.com/small_logos/a16c929347afb77c55ddc7cd4bab0d6fb8149f3a.png,"San Francisco, CA, USA; Remote",An AI Tutor for every student,S23,EDUCATION,
Trainy,https://bookface-images.s3.amazonaws.com/small_logos/78fb6a9f034f5447cc3472b66f6c660fdf0cfa60.png,"Remote; San Francisco, CA, USA",Profiler tooling to make training large AI models fast and easy.,S23,B2B SOFTWARE AND SERVICES,
MantleBio,https://bookface-images.s3.amazonaws.com/small_logos/cb75b12b16750784275c8ea7ad4a4d0237f71745.png,"San Francisco, CA, USA",Building software to scale data driven discovery in biotech,S23,B2B SOFTWARE AND SERVICES,
Pincites,https://bookface-images.s3.amazonaws.com/small_logos/e0a62b94c111461d57a98e1da81fd47da32c7c25.png,"Remote; San Francisco, CA, USA",Close deals faster with AI for contract negotiation,S23,B2B SOFTWARE AND SERVICES,LEGAL
Continue,https://bookface-images.s3.amazonaws.com/small_logos/e55631b8e964862f036f5e8b748c893164f28842.png,"San Francisco, CA, USA",The open-source coding autopilot,S23,B2B SOFTWARE AND SERVICES,"ENGINEERING, PRODUCT AND DESIGN"
Letter AI,https://bookface-images.s3.amazonaws.com/small_logos/a8d497510be63ccd78df6a11e18295c21c40e20a.png,"Chicago, IL, USA; Remote",AI-powered sales enablement delivered 10X faster,S23,B2B SOFTWARE AND SERVICES,PRODUCTIVITY
Guac,https://bookface-images.s3.amazonaws.com/small_logos/3ffff2e450f7c22939b75b50d62a49acbce05716.png,"San Francisco, CA, USA; London, England, United Kingdom",AI-powered demand forecasting for grocery,S23,B2B SOFTWARE AND SERVICES,SUPPLY CHAIN AND LOGISTICS
Casehopper,https://bookface-images.s3.amazonaws.com/small_logos/cf05605da9e529d148b5a21d87226813a773e861.png,Remote,AI-assisted legal drafting,S23,B2B SOFTWARE AND SERVICES,LEGAL
Glade,https://bookface-images.s3.amazonaws.com/small_logos/d61eaca1a50afe1efe941ab9f498f5d9f89a17ba.png,"San Francisco, CA, USA; Remote",Next generation business planning software,S23,B2B SOFTWARE AND SERVICES,
Empirical Health,https://bookface-images.s3.amazonaws.com/small_logos/54bac3a1e104fd1f347ee5712e9e585abe5b97a8.png,"New York, NY, USA; Boston, MA, USA; Remote",Proactive primary care that scales using AI,S23,HEALTHCARE,HEALTHCARE SERVICES
Aglide,https://bookface-images.s3.amazonaws.com/small_logos/565f88a7f2dd910b7d4ebc3e451166ea36ad3411.png,"London, England, United Kingdom","Control your team's SaaS accounts, access, & bills.",S23,B2B SOFTWARE AND SERVICES,
Respaid,https://bookface-images.s3.amazonaws.com/small_logos/2e55c6a8bc3e47aeeb004bd0bae4f37b2dfa4797.png,"San Francisco, CA, USA; Paris, Île-de-France, France; Remote",Respaid collects 9x more overdue bills with respectful AI 💰,S23,FINANCIAL TECHNOLOGY,
Haven,https://bookface-images.s3.amazonaws.com/small_logos/2ddfeef89e926ea2a03216ef545a3af9c7dd44c1.png,"San Francisco, CA, USA; Berlin, Berlin, Germany",Fine-Tune and Deploy LLMs on Your Own Infrastructure,S23,B2B SOFTWARE AND SERVICES,"ENGINEERING, PRODUCT AND DESIGN"
Greenlite,https://bookface-images.s3.amazonaws.com/small_logos/ebf772559a88666519eb1b6ea727c4b76dfef998.png,Remote,An AI compliance team for every fintech,S23,FINANCIAL TECHNOLOGY,
Metalware,https://bookface-images.s3.amazonaws.com/small_logos/f9039b6889d38ff33594f7b75b315efc60caae9d.png,"San Francisco, CA, USA",Copilot for firmware,S23,B2B SOFTWARE AND SERVICES,"ENGINEERING, PRODUCT AND DESIGN"
RightPage,https://bookface-images.s3.amazonaws.com/small_logos/9ab6ca760c8fdacfbed6f3544cf200c4bc6a61d4.png,"San Francisco, CA, USA; Boston, MA, USA; Remote",Context-aware automations to give your support agents superpowers,S23,B2B SOFTWARE AND SERVICES,OPERATIONS
Unhaze,https://bookface-images.s3.amazonaws.com/small_logos/7f3b295b0f1bf37f84fab8ca0eb4083a223649ba.png,"Copenhagen, Denmark; Remote",Predictive lead gen for B2B Sales,S23,B2B SOFTWARE AND SERVICES,SALES
CandorIQ,https://bookface-images.s3.amazonaws.com/small_logos/99094827db793d0b0566e8f598e87a87eb795ade.png,"San Francisco, CA, USA; Remote",Headcount & Compensation Management,S23,B2B SOFTWARE AND SERVICES,
refine,https://bookface-images.s3.amazonaws.com/small_logos/64aea08251a64440cebbbb5f8bd7a50c69337034.png,"Remote; San Francisco, CA, USA; Istanbul, Istanbul, Turkey",Open-source platform for building enterprise web applications,S23,B2B SOFTWARE AND SERVICES,"ENGINEERING, PRODUCT AND DESIGN"
Sidenote,https://bookface-images.s3.amazonaws.com/small_logos/949b8814325dbb3fbd3160ffb4215cc58351724a.png,"San Francisco, CA, USA; Stanford, CA, USA","Meeting follow-up, automated",S23,B2B SOFTWARE AND SERVICES,PRODUCTIVITY
Epsilla,https://bookface-images.s3.amazonaws.com/small_logos/a2a1e40bf12e61df1ea8d4d6a4f8b7691ac3982f.png,"Remote; Jersey City, NJ, USA","Scalable, high performance, cost-effective vectordb",S23,B2B SOFTWARE AND SERVICES,INFRASTRUCTURE
Neum AI,https://bookface-images.s3.amazonaws.com/small_logos/5e2e0ac9bda9f27ac237b64e189d3eaee098f88a.png,"Seattle, WA, USA",ETL pipeline for your LLM data,S23,B2B SOFTWARE AND SERVICES,"ENGINEERING, PRODUCT AND DESIGN"
Wyvern AI,https://bookface-images.s3.amazonaws.com/small_logos/870ff266be76df0ef865c5d8f621da8b90488763.png,"Remote; San Francisco, CA, USA",Machine learning platform for marketplaces,S23,B2B SOFTWARE AND SERVICES,INFRASTRUCTURE
Cardinal Gray,https://bookface-images.s3.amazonaws.com/small_logos/dd23108e8186366e29a1827c228ceddd75097d20.png,"San Francisco, CA, USA",CG helps auto lenders instantly process title transactions with DMVs,S23,FINANCIAL TECHNOLOGY,CREDIT AND LENDING
Anneal,https://bookface-images.s3.amazonaws.com/small_logos/c48e28121e52ed67e2c78dbe9f5b2861b3a47bbd.png,"San Francisco, CA, USA",TikTok for Generative AI,S23,CONSUMER,SOCIAL
Health Harbor,https://bookface-images.s3.amazonaws.com/small_logos/707952491ce6520207a9fc042912ea6190fc34a5.png,"San Francisco, CA, USA",Automated billing for private practices.,S23,HEALTHCARE,HEALTHCARE IT
Ergomake,https://bookface-images.s3.amazonaws.com/small_logos/e878e1f25a528b8c16088504ab3cdfb4cbbbf461.png,"Remote; São Paulo, SP, Brazil",On-demand staging environments.,S23,B2B SOFTWARE AND SERVICES,"ENGINEERING, PRODUCT AND DESIGN"
Outset,https://bookface-images.s3.amazonaws.com/small_logos/b9884cde2f06e46373b20cec776477bb5ff0f4c1.png,"San Francisco, CA, USA; Remote",AI-powered user research,S23,B2B SOFTWARE AND SERVICES,ANALYTICS
Serra,https://bookface-images.s3.amazonaws.com/small_logos/de1a90717852abf9734482354e7229c962c19089.png,"San Francisco, CA, USA",Python-based DBT alternative,S23,B2B SOFTWARE AND SERVICES,"ENGINEERING, PRODUCT AND DESIGN"
Corgea,https://bookface-images.s3.amazonaws.com/small_logos/4f659e1a5051b790e28f097f1c858880dc797b7f.png,"San Francisco, CA, USA; San Mateo, CA, USA",Helping Enterprises automate product and privacy compliance,S23,B2B SOFTWARE AND SERVICES,SECURITY
Terminal,https://bookface-images.s3.amazonaws.com/small_logos/5ec281190204868fa46a6cbb1aa8c12127eab799.png,"Toronto, ON, Canada; Remote",Plaid for Fleet Telematics,S23,B2B SOFTWARE AND SERVICES,SUPPLY CHAIN AND LOGISTICS
MICSI,https://bookface-images.s3.amazonaws.com/small_logos/29d35560d45b90c5227b12877556942576e43627.png,"New York, NY, USA",Higher resolution MRI with faster scan times.,S23,HEALTHCARE,DIAGNOSTICS
Martola,https://bookface-images.s3.amazonaws.com/small_logos/ad50c500b0a82f539ebea02b73227410419f4419.png,"Remote; San Francisco, CA, USA",Retailers Save Time and Money on Procurement with Martola,S23,B2B SOFTWARE AND SERVICES,RETAIL
Arcimus,https://bookface-images.s3.amazonaws.com/small_logos/be4f61fa36a16f4fa25a00812fb9bcbf1e4d8e4e.png,"San Francisco, CA, USA","Create, share, and get insights on meeting notes effortlessly",S23,B2B SOFTWARE AND SERVICES,
Docsum,https://bookface-images.s3.amazonaws.com/small_logos/aa285d8867248995d9e512d56693b98b5a544086.png,"Remote; San Francisco, CA, USA",AI contract reviewer for sales teams,S23,B2B SOFTWARE AND SERVICES,LEGAL
Bronco AI,https://bookface-images.s3.amazonaws.com/small_logos/19379c9c0118bc3c547325ee1d68a2a9d392467a.png,"San Francisco, CA, USA",Palantir for the Little Guy,S23,B2B SOFTWARE AND SERVICES,OPERATIONS
Agentive,https://bookface-images.s3.amazonaws.com/small_logos/e66a31c5e5ec003ed77a99b84c610bf690f884fd.png,"San Francisco, CA, USA; Palo Alto, CA, USA",AI-powered copilot for auditors,S23,B2B SOFTWARE AND SERVICES,FINANCE AND ACCOUNTING
order.link,https://bookface-images.s3.amazonaws.com/small_logos/86eddd013da3b647a49a97727c95b938c4e07d0a.png,"Munich, BY, Germany; Remote",Respond to order requests in minutes,S23,B2B SOFTWARE AND SERVICES,SALES
Parea,https://bookface-images.s3.amazonaws.com/small_logos/32972e7b6074f606373a477c496dcde4a5e81219.png,"San Francisco, CA, USA; New York, NY, USA",DataDog for LLM applications,S23,B2B SOFTWARE AND SERVICES,OPERATIONS
SID,https://bookface-images.s3.amazonaws.com/small_logos/e3e1c9f5dca32667c4799cf9a50d79671e13a3f7.png,"San Francisco, CA, USA; Zürich, ZH, Switzerland",Connect customer's data to AI apps in an afternoon,S23,B2B SOFTWARE AND SERVICES,"ENGINEERING, PRODUCT AND DESIGN"
Cerelyze,https://bookface-images.s3.amazonaws.com/small_logos/1d9a6baac9041e73a458c98bf7520536e0d026a0.png,"New York, NY, USA",Tool for engineers to implement research papers 100x faster,S23,B2B SOFTWARE AND SERVICES,PRODUCTIVITY
Spine AI,,"San Francisco, CA, USA; Toronto, ON, Canada",Simplify the building of AI copilots for enterprise products,S23,B2B SOFTWARE AND SERVICES,
Subsets,https://bookface-images.s3.amazonaws.com/small_logos/4aeb978e655fc4f0c7cd922ceb2a80e8a7f234e5.png,"Copenhagen, Denmark",The AI retention co-pilot for subscription businesses.,S23,B2B SOFTWARE AND SERVICES,ANALYTICS
Poozle,https://bookface-images.s3.amazonaws.com/small_logos/b6315acc6ce18463e57a9f9e6d382e6a0c387c15.png,"San Francisco, CA, USA; Bengaluru, KA, India",An open source Plaid for Ticketing SAAS tools,S23,B2B SOFTWARE AND SERVICES,PRODUCTIVITY
Revamp,https://bookface-images.s3.amazonaws.com/small_logos/01975709187fe49604abc19a3af0b9ea9b99399e.png,"San Francisco, CA, USA",Smarter Customer Segmentation for eCommerce,S23,B2B SOFTWARE AND SERVICES,ANALYTICS
Airgoods,https://bookface-images.s3.amazonaws.com/small_logos/d261d8dfa76354809d8e5792b2d21ef5d258f8d5.png,"New York, NY, USA",Faire for specialty food stores,S23,B2B SOFTWARE AND SERVICES,RETAIL
Talc,https://bookface-images.s3.amazonaws.com/small_logos/6ea63f0b8a6e6c46d0d95d4f9bf72b5e5caea28c.png,"San Francisco, CA, USA; Seattle, WA, USA",LLM Debugger,S23,B2B SOFTWARE AND SERVICES,"ENGINEERING, PRODUCT AND DESIGN"
Solve Intelligence,https://bookface-images.s3.amazonaws.com/small_logos/0e4b6f7ee692fc9a70c4f55aad6c13ec6dc9de6c.png,"San Francisco, CA, USA; London, England, United Kingdom",Write high-quality patents quickly with AI.,S23,B2B SOFTWARE AND SERVICES,LEGAL
Craftwork,https://bookface-images.s3.amazonaws.com/small_logos/a808b8722de9d2ecbb9fc19cae6ba864f6358f23.png,"Charlotte, NC, USA; Remote",We're a modern home painting company.,S23,REAL ESTATE AND CONSTRUCTION,CONSTRUCTION
Helios Climate Industries,https://bookface-images.s3.amazonaws.com/small_logos/3ce080923f4b061e67452c6f03ac7bb7228b31ff.png,"San Francisco, CA, USA",Affordable efficient heat pumps,S23,REAL ESTATE AND CONSTRUCTION,CONSTRUCTION
"Every, Inc.",https://bookface-images.s3.amazonaws.com/small_logos/3015f73175878c54eab97f6a814f0a9d9b0023f8.png,"Remote; San Francisco, CA, USA",Banking + Payroll + Bookkeeping + Tax in one place,S23,B2B SOFTWARE AND SERVICES,
Contour,https://bookface-images.s3.amazonaws.com/small_logos/56ed640bd87fd8aba579200d0ab282e4ebd46130.png,"San Francisco, CA, USA",Generate and execute E2E tests with simple natural language prompts,S23,B2B SOFTWARE AND SERVICES,
atla,https://bookface-images.s3.amazonaws.com/small_logos/cacd6f9ce731572ad073dbcbb139c5cb845e3d50.png,"London, England, United Kingdom",Building honest AI assistant for legal teams,S23,B2B SOFTWARE AND SERVICES,LEGAL
Humanlike,https://bookface-images.s3.amazonaws.com/small_logos/3a7e2a6154eeadae6aee7c05a6445468b731f4f0.png,"San Francisco, CA, USA",Replace your call center with voice bots that sound human,S23,B2B SOFTWARE AND SERVICES,OPERATIONS
Wayfind,https://bookface-images.s3.amazonaws.com/small_logos/bf1dbef4dd075030f916ff2fd23326a276b4b03a.png,"San Francisco, CA, USA; New York, NY, USA",Your personal AI travel agent,S23,CONSUMER,"TRAVEL, LEISURE AND TOURISM"
Cedana,https://bookface-images.s3.amazonaws.com/small_logos/0b7a7a8af1b3c02f16a5584ed3d7012fa86e5530.png,"Remote; San Francisco, CA, USA; New York, NY, USA",Pause/migrate/resume for compute,S23,B2B SOFTWARE AND SERVICES,INFRASTRUCTURE
Zelos Cloud,https://bookface-images.s3.amazonaws.com/small_logos/4ca0ecc537f7ce785f91c1050c2526cde53e2f22.png,,The First Cloud Platform for Firmware Development and Testing,S23,B2B SOFTWARE AND SERVICES,"ENGINEERING, PRODUCT AND DESIGN"
Pandan,https://bookface-images.s3.amazonaws.com/small_logos/41031e36591201230dd71959adfd291eb51bdb67.png,"San Francisco, CA, USA; Redwood City, CA, USA",Non-Technical Users Create Internal Tools with Natural Language,S23,B2B SOFTWARE AND SERVICES,OPERATIONS
Pointhound,https://bookface-images.s3.amazonaws.com/small_logos/40b1408d460a3a16dec85a47b33e6e53de1a2201.png,"Remote; San Francisco, CA, USA",Find and book free flights using points and miles,S23,CONSUMER,"TRAVEL, LEISURE AND TOURISM"
Intelliga Health,https://bookface-images.s3.amazonaws.com/small_logos/884de79932d28cc6795ab185894807fbafff0a76.png,"San Francisco, CA, USA; Remote",Automating insurance workflows for medical practices,S23,HEALTHCARE,HEALTHCARE IT
Sohar Health,https://bookface-images.s3.amazonaws.com/small_logos/85a21f742119122fbacaa422c72877b9188fb85a.png,"Remote; San Francisco, CA, USA; London, England, United Kingdom; Copenhagen, Denmark",Medical coding for behavioral health,S23,HEALTHCARE,HEALTHCARE IT
Remy Security,https://bookface-images.s3.amazonaws.com/small_logos/b15d35ff3ab467d696fce344305c3f44a673f3da.png,"San Francisco, CA, USA",AI-powered security design reviews.,S23,B2B SOFTWARE AND SERVICES,SECURITY
Sweetspot,https://bookface-images.s3.amazonaws.com/small_logos/a79b55d183cf50585284ac78d352c360c2514da5.png,"San Francisco, CA, USA; Austin, TX, USA",AI-Powered Search Engine for Government Contracts.,S23,B2B SOFTWARE AND SERVICES,"ENGINEERING, PRODUCT AND DESIGN"
ChatSeed,https://bookface-images.s3.amazonaws.com/small_logos/812f5783451e68e4e206d6ce2b8084b65ce28842.png,"San Francisco, CA, USA",ChatGPT for Developers,S23,B2B SOFTWARE AND SERVICES,
Ohmic Biosciences,https://bookface-images.s3.amazonaws.com/small_logos/5b68cb6a90af9c37176d63232ab7f6372925388d.png,"Alameda, CA, USA",Genetically engineering plants for disease resistance.,S23,INDUSTRIALS,AGRICULTURE
Linc.,https://bookface-images.s3.amazonaws.com/small_logos/b4dfe042d86555241f416bc157b7951897545353.png,"San Francisco, CA, USA","Email Copilot for Shippers, Carriers and Brokers",S23,B2B SOFTWARE AND SERVICES,
Watto AI,https://bookface-images.s3.amazonaws.com/small_logos/62df8d00aee97fbc37cd80f37caca0808a69a3a4.png,"San Francisco, CA, USA; Seattle, WA, USA",Transform your scattered domain knowledge into powerful documents,S23,B2B SOFTWARE AND SERVICES,PRODUCTIVITY
Dioxus Labs,https://bookface-images.s3.amazonaws.com/small_logos/9c857de01ac0dcd9450546b9d0375b049abacf5a.png,"San Francisco, CA, USA; Remote",Build and deploy apps for every platform.,S23,B2B SOFTWARE AND SERVICES,"ENGINEERING, PRODUCT AND DESIGN"
Elyos Energy,https://bookface-images.s3.amazonaws.com/small_logos/d86b08e41706ee1485385c94c3ea3b3a935e1ec8.png,"London, England, United Kingdom",The platform for energy flexibility and demand response,S23,INDUSTRIALS,CLIMATE
Mano AI,https://bookface-images.s3.amazonaws.com/small_logos/8b9da8afc4597aab4b97ebe6cfbca8106e73d357.png,"San Francisco, CA, USA; New York, NY, USA",Your LLM-powered helping hand,S23,CONSUMER,
Metoro,https://bookface-images.s3.amazonaws.com/small_logos/88e61bbf9339cdf60b5c9f1533c46a3f6d35d2c0.png,"San Francisco, CA, USA; London, England, United Kingdom",Your on-call co-pilot for troubleshooting production issues.,S23,B2B SOFTWARE AND SERVICES,"ENGINEERING, PRODUCT AND DESIGN"
Xeol,https://bookface-images.s3.amazonaws.com/small_logos/3d8557d5066f2f1e94f1be8ddc427697b79cc8d1.png,"New York, NY, USA",Modern platform for software supply chain security,S23,B2B SOFTWARE AND SERVICES,INFRASTRUCTURE
Nectar,https://bookface-images.s3.amazonaws.com/small_logos/de9f4149cd942c84280076828e4bb9a176b1cb8f.png,"San Francisco, CA, USA",Making ESG data more auditable,S23,B2B SOFTWARE AND SERVICES,
Reworkd AI,https://bookface-images.s3.amazonaws.com/small_logos/14d7f659465afb1fc0e4ceb2346886ebe4766294.png,"San Francisco, CA, USA",The Open Source Zapier of AI Agents,S23,B2B SOFTWARE AND SERVICES,
Leafpress,https://bookface-images.s3.amazonaws.com/small_logos/370d7c64da873eff1df0d05556f372fa9bf24aeb.png,"San Francisco, CA, USA",ESG Software for Real Estate,S23,B2B SOFTWARE AND SERVICES,
Kino AI,https://bookface-images.s3.amazonaws.com/small_logos/236edce8d65891082c7aa4675c370a79d943bee2.png,,Kino organizes your video footage automatically,S23,B2B SOFTWARE AND SERVICES,PRODUCTIVITY
kapa.ai,https://bookface-images.s3.amazonaws.com/small_logos/52f1f14da4423d9b23130946d8eeb2b97e9d3f67.png,"Copenhagen, Denmark; Frankfurt, HE, Germany",ChatGPT for developer-facing products,S23,B2B SOFTWARE AND SERVICES,PRODUCTIVITY
PeerDB,https://bookface-images.s3.amazonaws.com/small_logos/4a83477f0ae90481f26400baea36bd4c2fed890a.png,Remote,"Modern ETL in minutes, with SQL",S23,B2B SOFTWARE AND SERVICES,ANALYTICS
Artie,https://bookface-images.s3.amazonaws.com/small_logos/582c077a00ed962f57931e3efc9a5d27387311c1.png,"San Francisco, CA, USA",Real-time data streaming for databases and data warehouses,S23,B2B SOFTWARE AND SERVICES,INFRASTRUCTURE
HyLight,https://bookface-images.s3.amazonaws.com/small_logos/17e115f6387d31c268302079d59ab1981c37d8ca.png,"Paris, Île-de-France, France",Small unmanned hydrogen airships for long range monitoring,S23,INDUSTRIALS,DRONES
HockeyStack,https://bookface-images.s3.amazonaws.com/small_logos/90725285723955c6a718c11c6de42fac109093c5.png,"San Francisco, CA, USA; Remote",Connect & visualize B2B customer data with no code,S23,B2B SOFTWARE AND SERVICES,ANALYTICS
Pando Bioscience,https://bookface-images.s3.amazonaws.com/small_logos/fcb2bf6569db61c3592824679114d563e4d1438c.png,"Boston, MA, USA; Remote",Decipher complex diseases using protein networks,W23,HEALTHCARE,HEALTHCARE SERVICES
Apollo Group,https://bookface-images.s3.amazonaws.com/small_logos/124a8a199f897f1ece13596ccccd53579443504b.png,Remote,Managed marketplace for back-office services,W23,CONSUMER,
Vaero,https://bookface-images.s3.amazonaws.com/small_logos/e8880a43b4d78bdcd9007972307a7188143b601c.png,"San Francisco, CA, USA",Fivetran for log data,W23,B2B SOFTWARE AND SERVICES,INFRASTRUCTURE
Yuma,https://bookface-images.s3.amazonaws.com/small_logos/ceaaf3ee1d1c8d7d55aece8929b00691bf066e26.png,Remote,ChatGPT for customer support,W23,B2B SOFTWARE AND SERVICES,OPERATIONS
Pierre,https://bookface-images.s3.amazonaws.com/small_logos/2f9dd3a5bbb2a2b8bc7fda0243ab22453a6fff15.png,"San Francisco, CA, USA; New York, NY, USA",Building a better github,W23,B2B SOFTWARE AND SERVICES,"ENGINEERING, PRODUCT AND DESIGN"
moonrepo,https://bookface-images.s3.amazonaws.com/small_logos/3de25b12e8aab670255b22d53c12d30ccd142ae5.png,"Remote; Portland, OR, USA",Open source build tool for monorepos and large codebases,W23,B2B SOFTWARE AND SERVICES,PRODUCTIVITY
Automat (formerly lasso),https://bookface-images.s3.amazonaws.com/small_logos/46adba02c0bd4a8c6ddb6eea751389a76b3358bb.png,"San Francisco, CA, USA",robotic process automation for chrome using ChatGPT and computer…,W23,B2B SOFTWARE AND SERVICES,OPERATIONS
SpecCheck,https://bookface-images.s3.amazonaws.com/small_logos/e0a3c07cf6fd105816972e25920b72ed037437e2.png,"Remote; Los Angeles, CA, USA",Unifying how the optical industry does business.,W23,B2B SOFTWARE AND SERVICES,
SpeedyBrand,https://bookface-images.s3.amazonaws.com/small_logos/0411b685c297834944f38c4af4578bf836b3e82e.png,Remote,Generative-AI powered Marketing Content for SMBs,W23,B2B SOFTWARE AND SERVICES,MARKETING
Finta,https://bookface-images.s3.amazonaws.com/small_logos/557c98b8f70c89cba35c85bc1777b4bb74ad2bf9.png,"Remote; San Francisco, CA, USA",Modern accounting software for startups,W23,B2B SOFTWARE AND SERVICES,FINANCE AND ACCOUNTING
BerriAI,https://bookface-images.s3.amazonaws.com/small_logos/90fb5f79659d32f2b48bdbb1e9541b4c58361bae.png,"San Francisco, CA, USA",Stop OpenAI Errors w/ 1 line of code 👈,W23,B2B SOFTWARE AND SERVICES,
Theya,https://bookface-images.s3.amazonaws.com/small_logos/57042ecd2926bcb4a43d14403b927a2ae844ffdc.png,"San Francisco, CA, USA",The world's simplest Bitcoin self-custody solution,W23,FINANCIAL TECHNOLOGY,CONSUMER FINANCE
Upfront,https://bookface-images.s3.amazonaws.com/small_logos/64bc7d2ab06b73e7323c804eee3a9f3f49bba2e6.png,,Turning rebates into instantly lower prices,W23,B2B SOFTWARE AND SERVICES,RETAIL
Warp,https://bookface-images.s3.amazonaws.com/small_logos/be7c4d8032d06482f5da78417363955bf91ea915.png,"Remote; New York, NY, USA",Full-Stack Payroll for Remote Startups,W23,B2B SOFTWARE AND SERVICES,
Second,https://bookface-images.s3.amazonaws.com/small_logos/23eb4fe2ce21be8fedf041808035faafb7a1643d.png,,Automated migrations and upgrades for every codebase,W23,B2B SOFTWARE AND SERVICES,
Atri Labs,https://bookface-images.s3.amazonaws.com/small_logos/413ee0ce7cbb49b50ecad10dcbf461f73e381677.png,"Remote; San Francisco, CA, USA; Bengaluru, KA, India; New York, NY, USA",Open-source web framework for Python developers,W23,B2B SOFTWARE AND SERVICES,"ENGINEERING, PRODUCT AND DESIGN"
Jaldi,https://bookface-images.s3.amazonaws.com/small_logos/979228a0b43364f4460d979f86eba39b3216cee9.png,"New York, NY, USA; Remote",The online supermarket for South Asians in the US,W23,CONSUMER,
Lightski,https://bookface-images.s3.amazonaws.com/small_logos/46c0ccd59cd9c61a81c3d502e48025e0dea1e604.png,"San Francisco, CA, USA",AI-Powered Sales Assistant,W23,B2B SOFTWARE AND SERVICES,SALES
Type,https://bookface-images.s3.amazonaws.com/small_logos/bc11e3b5d5c63e530292978c10dd488c2993855a.png,,The AI-first document editor.,W23,B2B SOFTWARE AND SERVICES,PRODUCTIVITY
Meru,https://bookface-images.s3.amazonaws.com/small_logos/00edfb93127d4366b2f890aa7fb0274a122e45c2.png,"San Francisco, CA, USA",Answer Every Question with Agent-Based Retrieval Augmented Generation.,W23,B2B SOFTWARE AND SERVICES,"ENGINEERING, PRODUCT AND DESIGN"
Persana AI,https://bookface-images.s3.amazonaws.com/small_logos/a54e3efb23eef28188f31aa1420682360665bae5.png,"San Francisco, CA, USA",Intelligent sales copilot powered by fine tuned models,W23,B2B SOFTWARE AND SERVICES,SALES
Serial,https://bookface-images.s3.amazonaws.com/small_logos/a8354b5bea40df992c6f00ba3131da07c65e1300.png,"San Francisco, CA, USA; Remote",Root cause manufacturing issues in seconds,W23,B2B SOFTWARE AND SERVICES,"ENGINEERING, PRODUCT AND DESIGN"
Kyber,https://bookface-images.s3.amazonaws.com/small_logos/3004c4a72b716a80763763b95bf3e212c448756e.png,"San Jose, CA, USA; New York, NY, USA; Remote",Automating the Insurance Industry with LLMs,W23,B2B SOFTWARE AND SERVICES,OPERATIONS
Escape,https://bookface-images.s3.amazonaws.com/small_logos/b4f2dd64a7e6eed13a24457daafdaa5723f661a7.png,"San Francisco, CA, USA; Paris, Île-de-France, France; Remote",Business Logic Security Testing for Developers & Security Teams,W23,B2B SOFTWARE AND SERVICES,SECURITY
Keeling Labs,https://bookface-images.s3.amazonaws.com/small_logos/96c0f2be5c049e0d754ea3c0d933d810e212ead6.png,Remote,We optimize how large batteries in the grid buy & sell energy,W23,INDUSTRIALS,ENERGY
Modulari-T,https://bookface-images.s3.amazonaws.com/small_logos/cdfde836f1d168c7ec0299ab6b4daf90d112f929.png,"San Francisco, CA, USA; Montreal, QC, Canada",We teach your immune system to attack and cure cancer,W23,HEALTHCARE,THERAPEUTICS
Koala Ops,https://bookface-images.s3.amazonaws.com/small_logos/2051debd2ddc50b321426f669aa98a0120dfc537.png,"Tel Aviv-Yafo, Tel Aviv District, Israel",A platform for developing microservices on Kubernetes,W23,B2B SOFTWARE AND SERVICES,"ENGINEERING, PRODUCT AND DESIGN"
Metal,https://bookface-images.s3.amazonaws.com/small_logos/2e5fad3137daf298585abed13d17be64f0e9318b.png,"New York, NY, USA",Machine learning embeddings as a service,W23,B2B SOFTWARE AND SERVICES,INFRASTRUCTURE
Texel.ai,https://bookface-images.s3.amazonaws.com/small_logos/b7fa956db067e60a154f7f7120ecc4d4cdc7062f.png,"Remote; New York, NY, USA; Austin, TX, USA",Run AI pipelines 10x faster,W23,B2B SOFTWARE AND SERVICES,INFRASTRUCTURE
Vector,https://bookface-images.s3.amazonaws.com/small_logos/b70243c70a98bce0a40f7c76f9cf47c45b7ea399.png,"Remote; Raleigh, NC, USA; Boston, MA, USA",Reinventing how companies build pipeline,W23,B2B SOFTWARE AND SERVICES,SALES
Pier,https://bookface-images.s3.amazonaws.com/small_logos/eb10300785960d3b48dfff648ae5ee0f8ba40cfc.png,"San Francisco, CA, USA",Stripe for Credit - End-to-end credit infra via API,W23,B2B SOFTWARE AND SERVICES,
AiFlow,https://bookface-images.s3.amazonaws.com/small_logos/f080fe37341cad02ffda9e0865cea281c0783ef5.png,"San Francisco, CA, USA",LLMs automating Market Research in seconds,W23,B2B SOFTWARE AND SERVICES,FINANCE AND ACCOUNTING
Finni Health,https://bookface-images.s3.amazonaws.com/small_logos/040abcfa7f35e870153693b5040b7ebd5ca04b53.png,"San Francisco, CA, USA; Toronto, ON, Canada; Remote",Empowering Autism Care Providers to Go Independent,W23,HEALTHCARE,CONSUMER HEALTH AND WELLNESS
Invitris,https://bookface-images.s3.amazonaws.com/small_logos/b31c6e14e61e0a7e292383c88d7094914a492565.png,"Munich, BY, Germany; Remote",Creating new protein-based drugs at scale,W23,HEALTHCARE,DRUG DISCOVERY AND DELIVERY
Adventris Pharmaceuticals,https://bookface-images.s3.amazonaws.com/small_logos/5c8bb0a987c29df94410bb9cc6ab7db9eb0d6478.png,"San Francisco, CA, USA; Baltimore, MD, USA; Remote",Adventris makes cancer vaccines,W23,HEALTHCARE,DRUG DISCOVERY AND DELIVERY
highlight.io,https://bookface-images.s3.amazonaws.com/small_logos/0d4301601e4f70936655aa2574a0bf0a798fe1bd.png,"Remote; San Francisco, CA, USA; Seattle, WA, USA; Irvine, CA, USA","The open source, fullstack monitoring platform: stop guessing why…",W23,B2B SOFTWARE AND SERVICES,"ENGINEERING, PRODUCT AND DESIGN"
Untether Labs,https://bookface-images.s3.amazonaws.com/small_logos/89a118853f7ef1ffaf38dcc3929f98219859af74.png,,Scheduling software for digital health clinics to do more with less.,W23,HEALTHCARE,
Luca,https://bookface-images.s3.amazonaws.com/small_logos/c1a38009f747692e81bd13516e12a87a399aead1.png,"Remote; San Francisco, CA, USA",The Pricing Co-Pilot for Enterprise Retailers,W23,B2B SOFTWARE AND SERVICES,RETAIL
Drift Bio,https://bookface-images.s3.amazonaws.com/small_logos/b21cb7e03a08a3e1c3660a13918b22962def3d98.png,"Remote; San Francisco, CA, USA",The operating system for life sciences data,W23,B2B SOFTWARE AND SERVICES,ANALYTICS
BidSight,https://bookface-images.s3.amazonaws.com/small_logos/0fa3ad36c706b4f37c0153f792b37dce4177ce0f.png,"New York, NY, USA",AI-powered cost management for real estate developers.,W23,REAL ESTATE AND CONSTRUCTION,
Fabius,https://bookface-images.s3.amazonaws.com/small_logos/3146a62c7afd679b4aadd44a003d88caa00ec656.png,"San Francisco, CA, USA",AI to improve Sales Calls,W23,B2B SOFTWARE AND SERVICES,SALES
Vocode,https://bookface-images.s3.amazonaws.com/small_logos/aad057fc105425dc8b99aca0064ab8e6964e0c28.png,"San Francisco, CA, USA; Remote",Open source voice AI on top of LLMs,W23,B2B SOFTWARE AND SERVICES,
Wallbit Pay,https://bookface-images.s3.amazonaws.com/small_logos/2bd230c57e976bda7a089a71ba01e77661e9effd.png,"San Francisco, CA, USA; Buenos Aires, CABA, Argentina; Remote",Neobank for global remote workers,W23,FINANCIAL TECHNOLOGY,BANKING AND EXCHANGE
Vellum,https://bookface-images.s3.amazonaws.com/small_logos/4cdc37dab125e7d4bef1e071544a86e8c3b5ff64.png,Remote,Developer platform for building great AI applications,W23,B2B SOFTWARE AND SERVICES,"ENGINEERING, PRODUCT AND DESIGN"
BabylonAI,https://bookface-images.s3.amazonaws.com/small_logos/57ef98ac3583d491d0bb92c18331206d3a6c8852.png,"San Francisco, CA, USA; Zürich, ZH, Switzerland; Remote",Datadog for machine learning on edge devices,W23,B2B SOFTWARE AND SERVICES,INFRASTRUCTURE
Interlock,https://bookface-images.s3.amazonaws.com/small_logos/44b280429db3b577a7ef33365ca61d1d4b25dfee.png,"San Francisco, CA, USA; San Jose, CA, USA",We are still in stealth mode.,W23,FINANCIAL TECHNOLOGY,
Persist AI,https://bookface-images.s3.amazonaws.com/small_logos/eeb1e38a6ca6e6061c101deae73f22c28c142596.png,"Woodland, CA, USA; Remote",Developing long-lasting drug formulations 50% faster,W23,HEALTHCARE,DRUG DISCOVERY AND DELIVERY
Berry,https://bookface-images.s3.amazonaws.com/small_logos/59005c33d3a0d40259f58fdc4a12bc21a5d29d73.png,"Remote; San Francisco, CA, USA; Seattle, WA, USA","A Chrome extension that turns any web app multiplayer, like Figma",W23,B2B SOFTWARE AND SERVICES,PRODUCTIVITY
Conduit,https://bookface-images.s3.amazonaws.com/small_logos/ea7954b24f30e8936a78fc9d1858af118961360f.png,"San Francisco, CA, USA; Remote",Software for warehouses to automate schedules with trucks.,W23,B2B SOFTWARE AND SERVICES,SUPPLY CHAIN AND LOGISTICS
Codeparrot,https://bookface-images.s3.amazonaws.com/small_logos/ac9613c13eeb99583812534b595d2e9fdb2fd12b.png,"San Francisco, CA, USA; Bengaluru, KA, India",Continuous testing platform for APIs,W23,B2B SOFTWARE AND SERVICES,"ENGINEERING, PRODUCT AND DESIGN"
SuperAPI,https://bookface-images.s3.amazonaws.com/small_logos/c11e1c8d036fe535bd716bcbde93721f71fc8801.png,"Bengaluru, KA, India; Chennai, TN, India",Programmable API gateway that makes APIs cacheable,W23,B2B SOFTWARE AND SERVICES,INFRASTRUCTURE
Fern,https://bookface-images.s3.amazonaws.com/small_logos/884fb2f50da3c4151657d7b8e82ec485436cc6a6.png,"San Francisco, CA, USA; Seattle, WA, USA",Generate SDKs and documentation for your API,W23,B2B SOFTWARE AND SERVICES,"ENGINEERING, PRODUCT AND DESIGN"
Unstatiq,https://bookface-images.s3.amazonaws.com/small_logos/af3059058003a3ba0dc3c9e9913eec5036b1e46b.png,"Remote; San Francisco, CA, USA",Automatic data validation using AI,W23,B2B SOFTWARE AND SERVICES,INFRASTRUCTURE
Resend,https://bookface-images.s3.amazonaws.com/small_logos/73e2adf3cda0385fe2c9ae7d54bc3742fed58d47.png,"Remote; San Francisco, CA, USA",Email API for developers,W23,B2B SOFTWARE AND SERVICES,"ENGINEERING, PRODUCT AND DESIGN"
Decoherence,https://bookface-images.s3.amazonaws.com/small_logos/f94db94fecb6caeddf74db8361e363b129136926.png,"Seattle, WA, USA",Create video from prompts,W23,CONSUMER,CONTENT
Map3,https://bookface-images.s3.amazonaws.com/small_logos/5b5448be1d4303d71b60a0e22c1539ee42fb4774.png,"Remote; New York, NY, USA",Crypto Treasury Ops Automation For Fintechs,W23,FINANCIAL TECHNOLOGY,PAYMENTS
Constant,https://bookface-images.s3.amazonaws.com/small_logos/b0f3c94a7859923f3ba272902a34a8093dda07dd.png,"Remote; New York, NY, USA",Private credit investment platform,W23,FINANCIAL TECHNOLOGY,ASSET MANAGEMENT
Common Paper,https://bookface-images.s3.amazonaws.com/small_logos/1a5fd0218aaaf79164dd214261cfc4cec6d668f8.png,"Remote; Philadelphia, PA, USA",The SAFE for commercial contracts,W23,B2B SOFTWARE AND SERVICES,SALES
Dill,https://bookface-images.s3.amazonaws.com/small_logos/6354365dd8a078eedfebf117d50c6ac01a2401b6.png,Remote,Dill is a digital invoicing tool for foodservice distributors,W23,B2B SOFTWARE AND SERVICES,FINANCE AND ACCOUNTING
DealPage,https://bookface-images.s3.amazonaws.com/small_logos/0924ae2bfb6e80a39b630341e1ac4ad79c4c4a27.png,"New York, NY, USA; Remote",AI-Powered RFP and Security Questionnaire Software,W23,B2B SOFTWARE AND SERVICES,SALES
Littio,https://bookface-images.s3.amazonaws.com/small_logos/9e23dd28085a1e8e08c55a386fdd94d4eed49462.png,"Remote; Bogotá, Bogota, Colombia",Dollar banking for people in Latin America,W23,FINANCIAL TECHNOLOGY,CONSUMER FINANCE
Thread,https://bookface-images.s3.amazonaws.com/small_logos/fe1ab28914af8d00a360fa68da95751ee8c4470e.png,"San Francisco, CA, USA; New York, NY, USA; Remote",Incident Management platform for large enterprises,W23,B2B SOFTWARE AND SERVICES,
Waza,https://bookface-images.s3.amazonaws.com/small_logos/92a57e4deee6a07f869cbb379f62bfb1f52114d2.png,"Lagos, LA, Nigeria; Remote",B2B payments platform for emerging markets.,W23,FINANCIAL TECHNOLOGY,PAYMENTS
Rivet,https://bookface-images.s3.amazonaws.com/small_logos/d86cdccdbe5ac0cca90f11411b742e0591d1b874.png,"Remote; San Francisco, CA, USA; Phoenix, AZ, USA",Heroku for multiplayer games,W23,CONSUMER,GAMING
Sorted,https://bookface-images.s3.amazonaws.com/small_logos/12cc8fc655f814db94872047b9f30cc7991aede8.png,"Remote; San Francisco, CA, USA; Copenhagen, Denmark",Instant SaaS management,W23,B2B SOFTWARE AND SERVICES,OPERATIONS
DAGWorks Inc.,https://bookface-images.s3.amazonaws.com/small_logos/94a18b5c0cc3a340150d731fa97acee3a6a56ebd.png,"Remote; San Francisco, CA, USA",Unifying Platform Layer for Data & ML Pipelines,W23,B2B SOFTWARE AND SERVICES,
Swishjam,https://bookface-images.s3.amazonaws.com/small_logos/d607b93f3da26fde36fd956fe7b3fb67f045e121.png,"Remote; Los Angeles, CA, USA",Open-source page speed tools to help you build incredible experiences,W23,B2B SOFTWARE AND SERVICES,"ENGINEERING, PRODUCT AND DESIGN"
Invopop,https://bookface-images.s3.amazonaws.com/small_logos/c09f91b840f8f6e3d460a90c1be16b55caaf240a.png,"San Francisco, CA, USA; London, England, United Kingdom; Madrid, Community of Madrid, Spain; Remote",We help global software companies comply with local tax reporting,W23,B2B SOFTWARE AND SERVICES,FINANCE AND ACCOUNTING
Turntable,https://bookface-images.s3.amazonaws.com/small_logos/2dfe803e31176ba4760f7416a30ab05e1f66d7a4.png,"New York, NY, USA; Austin, TX, USA; Remote",AI-native operating system for analytics teams,W23,B2B SOFTWARE AND SERVICES,ANALYTICS
CorgiAI,https://bookface-images.s3.amazonaws.com/small_logos/f84a70f253ad5e7573daf8ad0dbc790eb6e7ab9e.png,Remote,"CorgiAI is payment fraud prevention software for ecommerce, travel…",W23,B2B SOFTWARE AND SERVICES,ANALYTICS
Stralis Aircraft,https://bookface-images.s3.amazonaws.com/small_logos/67947093536f80ec72184b51287e3a58f8211696.png,"Brisbane, QLD, Australia; Remote",Emission free hydrogen electric aircraft,W23,INDUSTRIALS,AVIATION AND SPACE
Keep,https://bookface-images.s3.amazonaws.com/small_logos/ca57c15ee63fa6b716d10d0f8f29a5e1732f44e4.png,"San Francisco, CA, USA; Tel Aviv-Yafo, Tel Aviv District, Israel; Remote",Open-source alert management for software developers.,W23,B2B SOFTWARE AND SERVICES,"ENGINEERING, PRODUCT AND DESIGN"
PlayHT,https://bookface-images.s3.amazonaws.com/small_logos/3d4c9619438357f2137d8fd295cf819f695c073d.png,"Remote; Mountain View, CA, USA",Generate or clone voices and turn any text into human-like speech.,W23,B2B SOFTWARE AND SERVICES,
Holacasa,https://bookface-images.s3.amazonaws.com/small_logos/fc19f43b45570416927b1af2d9854ae283c9ca39.png,"Remote; Mexico City, CDMX, Mexico; Monterrey, N.L., Mexico",End-to-end mortgage solution for Real Estate homebuyer's in LatAm,W23,REAL ESTATE AND CONSTRUCTION,HOUSING AND REAL ESTATE
Planar,https://bookface-images.s3.amazonaws.com/small_logos/8c313e432cf422cbdcafd73a0e60c0412817ba9a.png,"New York, NY, USA",Superhuman for code review,W23,B2B SOFTWARE AND SERVICES,"ENGINEERING, PRODUCT AND DESIGN"
Clad,https://bookface-images.s3.amazonaws.com/small_logos/5ab0e3d7b0de12617818a986b541a5e524c146ae.png,"New York, NY, USA",Software to build the internet faster.,W23,REAL ESTATE AND CONSTRUCTION,CONSTRUCTION
Pylon,https://bookface-images.s3.amazonaws.com/small_logos/412a6b3ef532664df77532bc5d7ae3c1233de965.png,"San Francisco, CA, USA","Scale B2B Sales and Support on Slack, Teams, and Discord",W23,B2B SOFTWARE AND SERVICES,OPERATIONS
Muffin Data,https://bookface-images.s3.amazonaws.com/small_logos/114d8e98d0c660d1f014c3be491efb93b593f25c.png,,Modern analytics for CPG brands,W23,B2B SOFTWARE AND SERVICES,ANALYTICS
Peeba,https://bookface-images.s3.amazonaws.com/small_logos/1201a58c5de47a287ab4ea6a262a2598a1e6f3af.png,"Jakarta, Jakarta, Indonesia; Hong Kong, Hong Kong; Remote",Risk-free wholesale for retailers across Southeast Asia,W23,B2B SOFTWARE AND SERVICES,
Diffuse Bio,https://bookface-images.s3.amazonaws.com/small_logos/961a0aa4b25ffd0049a0526af8ad2406763125f4.png,Remote,Generative AI for protein therapeutics,W23,HEALTHCARE,DRUG DISCOVERY AND DELIVERY
inBuild,https://bookface-images.s3.amazonaws.com/small_logos/565db1f58d2ff6409bb5c8eb3aefcdbc3f515329.png,"San Francisco, CA, USA; Wilmington, DE, USA; Aspen, CO, USA; Remote",Workflow Automation for Construction Finance,W23,B2B SOFTWARE AND SERVICES,
Sanvivo,https://bookface-images.s3.amazonaws.com/small_logos/2ccaf529126f9d95946ed5ba74aa3dd498334a60.png,"Munich, BY, Germany; Remote",Shopify for pharmacies in Europe,W23,HEALTHCARE,HEALTHCARE IT
clearspace,https://bookface-images.s3.amazonaws.com/small_logos/c529e630330060d36da2e82926d0dc5adad8c217.png,"San Francisco, CA, USA",eliminate compulsive phone usage,W23,CONSUMER,
Quazel,https://bookface-images.s3.amazonaws.com/small_logos/4dc1521a5287171de5e9e325a1d9cd3e611558bf.png,Remote,Language learning with a conversational AI Tutor,W23,EDUCATION,
Milio,https://bookface-images.s3.amazonaws.com/small_logos/b20ca0d6ea153d334a9f63f5b2c7e991839b0369.png,"Mexico City, CDMX, Mexico; Bogotá, Bogota, Colombia; Remote",B2B payments and cash management platform,W23,FINANCIAL TECHNOLOGY,
Mantys,https://bookface-images.s3.amazonaws.com/small_logos/ab148653f771ae83b42b2726259e7e2be8e1e60a.png,"Bengaluru, KA, India; Remote",ARR Tracking and Forecasting for SaaS companies,W23,B2B SOFTWARE AND SERVICES,ANALYTICS
Proglix,https://bookface-images.s3.amazonaws.com/small_logos/b934ac4e6592338ecfb6059eed0e744a22a3698a.png,"Jakarta, Jakarta, Indonesia; Remote",B2B Marketplace for Raw Materials in Indonesia,W23,INDUSTRIALS,
Coldreach,https://bookface-images.s3.amazonaws.com/small_logos/01cfd7370853173c26a810e2aec87fd55f289393.png,"Remote; San Francisco, CA, USA; Ann Arbor, MI, USA","Personalized prospecting at scale, tailored to your needs",W23,B2B SOFTWARE AND SERVICES,SALES
MagnaPlay,https://bookface-images.s3.amazonaws.com/small_logos/8a49da32dac6e6235ca09c99fefeffdc43ec7122.png,"Remote; San Francisco, CA, USA; São Paulo, SP, Brazil",AI-powered game translation.,W23,B2B SOFTWARE AND SERVICES,"ENGINEERING, PRODUCT AND DESIGN"
Shekel Mobility,https://bookface-images.s3.amazonaws.com/small_logos/317b78e8b020f4585c1d370268635374dbd5c4a4.png,"San Francisco, CA, USA; Lagos, LA, Nigeria",B2B marketplace for Auto Dealers in Africa,W23,FINANCIAL TECHNOLOGY,
Inri,https://bookface-images.s3.amazonaws.com/small_logos/2331bf1b0bd23e81a8281b8dfaa777f023b29056.png,"Remote; Mountain View, CA, USA",Wealthfront for India’s 32M expats living abroad,W23,FINANCIAL TECHNOLOGY,
Onu,https://bookface-images.s3.amazonaws.com/small_logos/de8e371d9ac8defe02fa2e1d3baa8848416b5827.png,"New York, NY, USA; Remote",Turn scripts into internal tools in minutes without any frontend work,W23,B2B SOFTWARE AND SERVICES,"ENGINEERING, PRODUCT AND DESIGN"
Sirdab,https://bookface-images.s3.amazonaws.com/small_logos/eada3acac55ff8d8af7dff49cd0248aa507d6317.png,"Riyadh, Riyadh Province, Saudi Arabia; Remote",Cloud warehousing & supply chain platform in MENA,W23,B2B SOFTWARE AND SERVICES,SUPPLY CHAIN AND LOGISTICS
Baselit,https://bookface-images.s3.amazonaws.com/small_logos/72defdf4b8e32bbf499b46a291c9c27f7ba914de.png,Remote,AI-powered analytics,W23,B2B SOFTWARE AND SERVICES,ANALYTICS
Clueso,https://bookface-images.s3.amazonaws.com/small_logos/a6e6151f374f702aa3e1335ac97d5655ac563804.png,"San Francisco, CA, USA; Bengaluru, KA, India",AI-powered customer activation platform for SaaS apps,W23,B2B SOFTWARE AND SERVICES,"ENGINEERING, PRODUCT AND DESIGN"
qoohoo,https://bookface-images.s3.amazonaws.com/small_logos/0728621e6d346c84d20c12cf7f2ae5708f290d02.png,"Bengaluru, KA, India; Remote",monetise your audience across all social platforms,W23,B2B SOFTWARE AND SERVICES,INFRASTRUCTURE
Fastgen,https://bookface-images.s3.amazonaws.com/small_logos/e3d017d6b2932b5d62965a60b41ea099e46ea0c1.png,"New York, NY, USA; Berlin, Berlin, Germany; Remote",Webflow for the Backend,W23,B2B SOFTWARE AND SERVICES,"ENGINEERING, PRODUCT AND DESIGN"
Defer,https://bookface-images.s3.amazonaws.com/small_logos/7b1a955f3cf943945cda6270a0e08b01106a1ba8.png,"Paris, Île-de-France, France",Zero infrastructure background processing platform.,W23,B2B SOFTWARE AND SERVICES,"ENGINEERING, PRODUCT AND DESIGN"
Arroyo,https://bookface-images.s3.amazonaws.com/small_logos/d1585050d9b71723061d89a0d1b9e2adb92f2810.png,"Berkeley, CA, USA",Snowflake for real-time data,W23,B2B SOFTWARE AND SERVICES,INFRASTRUCTURE
Vendah,https://bookface-images.s3.amazonaws.com/small_logos/ad5862d29bcc7cc0ab3ae533342705aa27636764.png,"São Paulo, SP, Brazil; Remote",Meesho for Latam with 20k resellers and $350k in monthly sales,W23,CONSUMER,
Alaan,https://bookface-images.s3.amazonaws.com/small_logos/fc9ff5bdd231134886435b1360a606fccec68c2c.png,"Dubai, Dubai, United Arab Emirates; Remote",Corporate cards & spend platform for businesses in the Middle East,W23,FINANCIAL TECHNOLOGY,PAYMENTS
UpTrain AI,https://bookface-images.s3.amazonaws.com/small_logos/47b693dd4b7ed72d667d94be270df3a21b772b1e.png,"San Francisco, CA, USA; Bengaluru, KA, India",Open source Datadog for Machine Learning,W23,B2B SOFTWARE AND SERVICES,
keyval,https://bookface-images.s3.amazonaws.com/small_logos/01789500d10ff2ef05f798f16209dfd5b1e1f331.png,Remote,Open-source codeless monitoring pipeline,W23,B2B SOFTWARE AND SERVICES,INFRASTRUCTURE
Waveline,https://bookface-images.s3.amazonaws.com/small_logos/ee313fb396370635773e95acefc320c7a339e560.png,"Zürich, ZH, Switzerland",AI Document Processing API,W23,B2B SOFTWARE AND SERVICES,
Hona (formerly Milestones),https://bookface-images.s3.amazonaws.com/small_logos/708325f665a791a9dcaf73f0a55a1494a79cb4f9.png,"American Fork, UT, USA; Remote",The Domino's Pizza Tracker for service businesses and their clients.,W23,B2B SOFTWARE AND SERVICES,LEGAL
Radical,https://bookface-images.s3.amazonaws.com/small_logos/d6c4df45192bc64b3d0c669324d48fcd4465995d.png,"Seattle, WA, USA",Wireless connectivity from the stratosphere,W23,INDUSTRIALS,AVIATION AND SPACE
Vitalize Care,https://bookface-images.s3.amazonaws.com/small_logos/d6c6f2e22c7b4fbef82d9262b480814cba5923e9.png,"San Francisco, CA, USA; Remote",Improving the mental health of healthcare professionals,W23,HEALTHCARE,
Noya Software,https://bookface-images.s3.amazonaws.com/small_logos/c7d3160c0336ac442ed7a4c13a39845f3f042dff.png,"Remote; San Francisco, CA, USA; Walnut Creek, CA, USA",Product design tool that lets everyone design like a designer,W23,B2B SOFTWARE AND SERVICES,"ENGINEERING, PRODUCT AND DESIGN"
Infinia,https://bookface-images.s3.amazonaws.com/small_logos/e7fe17d09bdbf7258b587a47e734d932c0b1886d.png,"Montevideo, Montevideo Department, Uruguay; Remote",Helping merchants accept bank payments in LATAM,W23,FINANCIAL TECHNOLOGY,PAYMENTS
Koywe,https://bookface-images.s3.amazonaws.com/small_logos/8017c0951eaa502590f3ffbe4554b9152defa32a.png,"Remote; Santiago, Santiago Metropolitan Region, Chile; Mexico City, CDMX, Mexico; Miami, FL, USA",Crypto On and Off Ramp for Latam,W23,FINANCIAL TECHNOLOGY,
Psychic,https://bookface-images.s3.amazonaws.com/small_logos/ee06c56b5e8dcd5a0cb5c343d303eba261ec23af.png,"San Francisco, CA, USA; Toronto, ON, Canada; Remote",Data integration platform for LLMs,W23,B2B SOFTWARE AND SERVICES,"ENGINEERING, PRODUCT AND DESIGN"
Honeydew,https://bookface-images.s3.amazonaws.com/small_logos/628b819928f75f1e921c92594fbcd9a7e63a91b4.png,"Tel Aviv-Yafo, Tel Aviv District, Israel; Remote",The home for shared data logic,W23,B2B SOFTWARE AND SERVICES,ANALYTICS
Sherloq,https://bookface-images.s3.amazonaws.com/small_logos/416d7b9190a2113a09b5de9e932713dbb12c2145.png,"San Francisco, CA, USA; Tel Aviv-Yafo, Tel Aviv District, Israel",Github for data teams,W23,B2B SOFTWARE AND SERVICES,ANALYTICS
SPRX,https://bookface-images.s3.amazonaws.com/small_logos/3d8262a604e874e2105fc0f18e2b7f9f510dbfbb.png,Remote,AI for corporate R&D tax credits,W23,B2B SOFTWARE AND SERVICES,FINANCE AND ACCOUNTING
KURUKURU,https://bookface-images.s3.amazonaws.com/small_logos/4b10136eb8a2d3d98f7787c75d7a328aa16fa96d.png,"San Francisco, CA, USA; Remote",AI-powered comics creation engine,W23,CONSUMER,CONTENT
Fluid Markets,https://bookface-images.s3.amazonaws.com/small_logos/e999ab3e8131e0bfae7ca38f1ff726a1f8a792ec.png,"New York, NY, USA",Exchange to Invest in Company Earnings,W23,FINANCIAL TECHNOLOGY,BANKING AND EXCHANGE
Fairway Health,https://bookface-images.s3.amazonaws.com/small_logos/9c6a5ab354c877fee7eb9b5d62ab08b4f08908c4.png,"Remote; New York, NY, USA; Philadelphia, PA, USA; Boston, MA, USA",AI Co-Pilot for Health Insurers to Authorize Treatment Faster,W23,HEALTHCARE,HEALTHCARE IT
Hadrius,https://bookface-images.s3.amazonaws.com/small_logos/860789e4b5347ff0d9c534e39f80af9c01143ab3.png,"New York, NY, USA; Remote",The SEC Compliance Autopilot,W23,FINANCIAL TECHNOLOGY,ASSET MANAGEMENT
SensorSurf,https://bookface-images.s3.amazonaws.com/small_logos/68293f76e231df932485f865dc40d247271f3a24.png,"San Francisco, CA, USA",Snowflake for sensor data,W23,B2B SOFTWARE AND SERVICES,"ENGINEERING, PRODUCT AND DESIGN"
Semantic Finance,https://bookface-images.s3.amazonaws.com/small_logos/440e9c370817208eeba59a299746810f8142a67d.png,"San Francisco, CA, USA",Realtime AI-powered financial news data,W23,B2B SOFTWARE AND SERVICES,"ENGINEERING, PRODUCT AND DESIGN"
Defog.ai,https://bookface-images.s3.amazonaws.com/small_logos/cec525dadbe8e5b36cf08f0d30035025bee9f88b.png,"San Francisco, CA, USA; Singapore, Singapore; Remote",Fine-tuned AI models for talking to your database,W23,B2B SOFTWARE AND SERVICES,ANALYTICS
Gloo,https://bookface-images.s3.amazonaws.com/small_logos/105f8073c01ac4ae96da7159b25d47c8c0518adf.png,"Seattle, WA, USA; Remote",Empower LLMs with domain-specific knowledge,W23,B2B SOFTWARE AND SERVICES,
DailyPe,https://bookface-images.s3.amazonaws.com/small_logos/8edf8ba28aeefa3a80342fa424d7ab4c4c2941c0.png,"Surat, GJ, India; Jaipur, RJ, India; Remote",Marketplace for business loans that are repaid daily.,W23,FINANCIAL TECHNOLOGY,CREDIT AND LENDING
Portalform,https://bookface-images.s3.amazonaws.com/small_logos/f25739c479c5f36424804e136048bb7e4280950a.png,,We help developers pull data from popular APIs to build integrations,W23,B2B SOFTWARE AND SERVICES,INFRASTRUCTURE
Fintool,https://bookface-images.s3.amazonaws.com/small_logos/3c360d1b8e58091ade4276c8d336e096e6a0c34b.png,"San Francisco, CA, USA",Search all SEC Filings & Transcripts for free,W23,B2B SOFTWARE AND SERVICES,FINANCE AND ACCOUNTING
Intrinsic,https://bookface-images.s3.amazonaws.com/small_logos/22d68b8934dd056b721523db76858086751a6852.png,,Connect your Trust & Safety team with world-class tooling,W23,B2B SOFTWARE AND SERVICES,SECURITY
222,https://bookface-images.s3.amazonaws.com/small_logos/c30ff76d24461334d33296f8ead0569e254d00a9.png,"Los Angeles, CA, USA",marketplace facilitating IRL social experiences at local venues,W23,CONSUMER,
OutSail Shipping,https://bookface-images.s3.amazonaws.com/small_logos/43c04e37c0deed9f7028a8f23f3dc322cadc0d75.png,"Mountain View, CA, USA",Containerized Sails for Cargo Ships,W23,INDUSTRIALS,
Ariglad,https://bookface-images.s3.amazonaws.com/small_logos/aa1b49a924ad36495aa9e6b0681204fb501d869d.png,"Remote; San Francisco, CA, USA; Vancouver, BC, Canada; Copenhagen, Denmark",The Jira for internal teams,W23,B2B SOFTWARE AND SERVICES,PRODUCTIVITY
Berilium,https://bookface-images.s3.amazonaws.com/small_logos/22d5359d7da9993b23f2395a5cfec5ebcbe81cfb.png,"San Francisco, CA, USA; Los Angeles, CA, USA; Chicago, IL, USA",Wealthfront for Private Equity & Private Credit,W23,FINANCIAL TECHNOLOGY,ASSET MANAGEMENT
Homeflow,https://bookface-images.s3.amazonaws.com/small_logos/cfb9cc8d9dd9147ff98523666ebfa64cc90b36a9.png,"San Francisco, CA, USA; Dallas, TX, USA; Remote",Simplifying insurance for large real estate investors,W23,REAL ESTATE AND CONSTRUCTION,HOUSING AND REAL ESTATE
Helicone,https://bookface-images.s3.amazonaws.com/small_logos/b30b5496da5aae5007f1bd81778de35224067c33.png,"San Francisco, CA, USA",Open-source observability platform for AI companies,W23,B2B SOFTWARE AND SERVICES,ANALYTICS
Rainmaker,https://bookface-images.s3.amazonaws.com/small_logos/4513fcb84fa72bcdfce26d3a22b34e43edaa1e49.png,"New York, NY, USA",DeFi for Everyone,W23,FINANCIAL TECHNOLOGY,CONSUMER FINANCE
Electric Air,https://bookface-images.s3.amazonaws.com/small_logos/5ed12410fab835caa3f56f0685d5aadfe62f03fe.png,"San Francisco, CA, USA; Remote",The Tesla of heat pumps,W23,INDUSTRIALS,CLIMATE
IcePanel,https://bookface-images.s3.amazonaws.com/small_logos/7373c1adcb59518de3f0525b2829a0ed7943e0a3.png,"Vancouver, BC, Canada",Explain complex software systems to engineering and product teams,W23,B2B SOFTWARE AND SERVICES,"ENGINEERING, PRODUCT AND DESIGN"
Magicflow 𐂂,https://bookface-images.s3.amazonaws.com/small_logos/b2234eb7e6f24362b194ad8921038406c8824499.png,"Tel Aviv-Yafo, Tel Aviv District, Israel; Remote",Webflow for AI development,W23,B2B SOFTWARE AND SERVICES,INFRASTRUCTURE
Storyboarder,https://bookface-images.s3.amazonaws.com/small_logos/fdaa90707265a548984bceb0ca01f4971e16d6c3.png,"Remote; San Francisco, CA, USA; Roxbury, CT, USA",Tool and platform to create and sell webcomics,W23,CONSUMER,CONTENT
1stCollab,https://bookface-images.s3.amazonaws.com/small_logos/38bfe8c1abadf254cda7e353f68089f57109eaec.png,"San Francisco, CA, USA",Performance-Optimized Influencer Marketing,W23,B2B SOFTWARE AND SERVICES,MARKETING
Teclada,https://bookface-images.s3.amazonaws.com/small_logos/4701c15bc405d91f89c8c47a8c477c276843a8ab.png,"Sunnyvale, CA, USA",The modern terminal for modern developers.,W23,B2B SOFTWARE AND SERVICES,PRODUCTIVITY
Orchid,https://bookface-images.s3.amazonaws.com/small_logos/c45a8c4b15289c3172e10baab22e5b061b400e76.png,"San Francisco, CA, USA; New York, NY, USA; Remote",AI-powered EHR for independent mental health professionals,W23,HEALTHCARE,
GoodCourse,https://bookface-images.s3.amazonaws.com/small_logos/b9c215571177dfa178d439924a339c97899b894a.png,"London, England, United Kingdom; Remote",The TikTok style corporate training platform,W23,B2B SOFTWARE AND SERVICES,
Forfeit,https://bookface-images.s3.amazonaws.com/small_logos/40d61c99891f5b3d2b37f2827d94e52f65d27280.png,"Remote; Manchester, England, United Kingdom",An app that takes your money if you don't complete your habits.,W23,CONSUMER,HOME AND PERSONAL
TableFlow,https://bookface-images.s3.amazonaws.com/small_logos/7edc2edfc4d158a9af715078f82b38ac1c0ce9f2.png,"San Francisco, CA, USA",The open source CSV importer,W23,B2B SOFTWARE AND SERVICES,"ENGINEERING, PRODUCT AND DESIGN"
Truewind,https://bookface-images.s3.amazonaws.com/small_logos/4cad69ca6c0d7b0893e00fda5e3fc74251d91fb9.png,"San Francisco, CA, USA; Remote",AI-powered Bookkeeping and Finance Software,W23,B2B SOFTWARE AND SERVICES,FINANCE AND ACCOUNTING
Booth AI,https://bookface-images.s3.amazonaws.com/small_logos/4b3a15112db36cea4190b3079ddeba5278c19f7f.png,Remote,Generative AI Photographer for E-Commerce,W23,B2B SOFTWARE AND SERVICES,RETAIL
BuildJet,https://bookface-images.s3.amazonaws.com/small_logos/6581ded9fa54308e7ffa3c61c36bd6ef62e369cd.png,"Remote; Berlin, Berlin, Germany",High-performance computing cloud,W23,B2B SOFTWARE AND SERVICES,"ENGINEERING, PRODUCT AND DESIGN"
ShortLoop,https://bookface-images.s3.amazonaws.com/small_logos/820af679200d42ba6edf958ca36c54bfd8a7734c.png,"San Francisco, CA, USA; Bengaluru, KA, India; Remote",Automated API Platform for fast-moving teams,W23,B2B SOFTWARE AND SERVICES,"ENGINEERING, PRODUCT AND DESIGN"
Wild Moose,https://bookface-images.s3.amazonaws.com/small_logos/fa6f0365e063d6abf85d22cf51d505e868af977e.png,"San Francisco, CA, USA; Tel Aviv-Yafo, Tel Aviv District, Israel",Helping on-call devs tame production chaos with Generative AI,W23,B2B SOFTWARE AND SERVICES,"ENGINEERING, PRODUCT AND DESIGN"
EzDubs,https://bookface-images.s3.amazonaws.com/small_logos/2a23ca564de06df0b857da5a04633ddcefaf276a.png,"San Francisco, CA, USA",Real-time AI dubbing for content creators,W23,B2B SOFTWARE AND SERVICES,
GradientJ,https://bookface-images.s3.amazonaws.com/small_logos/1a6b0f17aadd2a20eb86b61654dbf7ea57230f64.png,"New York, NY, USA; Austin, TX, USA; Miami, FL, USA",Platform to build large language model applications,W23,B2B SOFTWARE AND SERVICES,"ENGINEERING, PRODUCT AND DESIGN"
Inkeep,https://bookface-images.s3.amazonaws.com/small_logos/c54e3dbaa6f36d6112910afbe4fcdd0f0ee2ab56.png,"San Francisco, CA, USA; New York, NY, USA; Remote",AI-powered search and chat for developer products,W23,B2B SOFTWARE AND SERVICES,"ENGINEERING, PRODUCT AND DESIGN"
Plutis,https://bookface-images.s3.amazonaws.com/small_logos/b28da2e800449506094f29bdab13274ec0975348.png,"San Francisco, CA, USA; New York, NY, USA",Plutis is a tool for data scientists to identify and remediate the…,W23,B2B SOFTWARE AND SERVICES,
Momentum Foods,https://bookface-images.s3.amazonaws.com/small_logos/06b47deaf3f417bc740d20e46a01f9cbf3114695.png,"San Francisco, CA, USA; Los Angeles, CA, USA; Remote",Adding meat back into plant-based meat.,W23,CONSUMER,FOOD AND BEVERAGE
Ruuf,https://bookface-images.s3.amazonaws.com/small_logos/c6bd9498264241ac9d9160f08ebf1b2790a665bd.png,"Santiago, Santiago Metropolitan Region, Chile; Remote",Managed marketplace for solar in Latam,W23,CONSUMER,
OpenMeter,https://bookface-images.s3.amazonaws.com/small_logos/926363f3ba3f7c82e427f22950ca596e978572b5.png,"Remote; San Francisco, CA, USA; Budapest, Hungary","Usage Metering for AI, Billing, Infrastructure, and IoT use-cases.",W23,B2B SOFTWARE AND SERVICES,INFRASTRUCTURE
Propify,https://bookface-images.s3.amazonaws.com/small_logos/7822d11e41140d7f6d2558bc38734397f57dde43.png,"Boston, MA, USA; Remote",Plaid for Commercial Real Estate,W23,B2B SOFTWARE AND SERVICES,
Iliad,https://bookface-images.s3.amazonaws.com/small_logos/d1623a12073502f5852d0a3bcbddd1dc70576b95.png,"San Francisco, CA, USA; Pittsburgh, PA, USA",Creative tool for generating game assets using AI,W23,B2B SOFTWARE AND SERVICES,
Squack,https://bookface-images.s3.amazonaws.com/small_logos/baad3deb83fbac9ce9fb1c22a9e803c96184dedb.png,"San Francisco, CA, USA",Natural language RPA tools for accountants,W23,B2B SOFTWARE AND SERVICES,"ENGINEERING, PRODUCT AND DESIGN"
Floworks,https://bookface-images.s3.amazonaws.com/small_logos/e5b9917817cde39883bf28ff0a9ed59fa02a1d66.png,"San Francisco, CA, USA; Remote",Close more deals with CRM on Slack,W23,B2B SOFTWARE AND SERVICES,SALES
Extend,https://bookface-images.s3.amazonaws.com/small_logos/184d30d91903380caada7f52cd7cd7992759e07b.png,"San Francisco, CA, USA",AI-Powered Workflows for Unstructured Data,W23,B2B SOFTWARE AND SERVICES,
langfuse,https://bookface-images.s3.amazonaws.com/small_logos/18d48d926a8c38477d5a5182761237afebe66e3e.png,"San Francisco, CA, USA; Berlin, Berlin, Germany",Mixpanel for LLM apps,W23,B2B SOFTWARE AND SERVICES,
Finex,https://bookface-images.s3.amazonaws.com/small_logos/c83174edd9278ed3587677db68b7cb8d25726dfa.png,Remote,Finex is a single platform for all e-commerce finances.,W23,FINANCIAL TECHNOLOGY,
Outerbase,https://bookface-images.s3.amazonaws.com/small_logos/e7ffc83c79c7fc5268f3ebcb40e602151effc32b.png,"Remote; San Francisco, CA, USA; Pittsburgh, PA, USA",The interface for your database,W23,B2B SOFTWARE AND SERVICES,"ENGINEERING, PRODUCT AND DESIGN"
Anarchy,https://bookface-images.s3.amazonaws.com/small_logos/df070b9c683c524c3f940225cae215b6456c2a5a.png,"San Francisco, CA, USA; Zürich, ZH, Switzerland",LLM infrastructure for conversational UI,W23,B2B SOFTWARE AND SERVICES,"ENGINEERING, PRODUCT AND DESIGN"
Bluedot,https://bookface-images.s3.amazonaws.com/small_logos/d8fd6f1d5fb7457d7a65b3b8719a1b2c7f07928b.png,"San Francisco, CA, USA; Remote",Bluedot is a single payment platform for EV drivers and fleets.,W23,FINANCIAL TECHNOLOGY,
Dream3D,https://bookface-images.s3.amazonaws.com/small_logos/dc5c128914787f1ad09c34983b9c40c1200da598.png,"New York, NY, USA",AI-powered 3D Design,W23,B2B SOFTWARE AND SERVICES,"ENGINEERING, PRODUCT AND DESIGN"
Intently,https://bookface-images.s3.amazonaws.com/small_logos/5d28c513f4c708e973cf1431affe8c1b9d013523.png,Remote,Helping sales teams automatically identify the best targets using AI,W23,B2B SOFTWARE AND SERVICES,SALES
Kivo Health,https://bookface-images.s3.amazonaws.com/small_logos/ee15c21c618dfd0aa1cbb6bb3be671ac26a2be94.png,"Remote; San Francisco, CA, USA; Seattle, WA, USA",Telehealth lung rehab,W23,HEALTHCARE,HEALTHCARE SERVICES
coil,https://bookface-images.s3.amazonaws.com/small_logos/cdef9e13a9fa8c01811546fda60badcc3cea8750.png,"San Francisco, CA, USA; New York, NY, USA",Pay-by-bank for subscriptions,W23,FINANCIAL TECHNOLOGY,PAYMENTS
Haven,https://bookface-images.s3.amazonaws.com/small_logos/5f51be3e6016c33657688a682b7eb23e8ee1044a.png,"San Francisco, CA, USA; Austin, TX, USA",AI-powered front desk for property managers.,W23,B2B SOFTWARE AND SERVICES,
Suger,https://bookface-images.s3.amazonaws.com/small_logos/e70794fc9638509572681489549688199cabc379.png,"San Francisco, CA, USA; San Mateo, CA, USA; Remote","Salesforce for Cloud marketplaces on AWS, Azure, GCP",W23,B2B SOFTWARE AND SERVICES,SALES
Frigade,https://bookface-images.s3.amazonaws.com/small_logos/ccd8e1e94fc54f293c3bd81a6c1d8b21ebc157b1.png,"San Francisco, CA, USA",Developer tool for growth engineering teams,W23,B2B SOFTWARE AND SERVICES,"ENGINEERING, PRODUCT AND DESIGN"
0pass,https://bookface-images.s3.amazonaws.com/small_logos/32f44cacdf4cc83f63b326c81937b13deffeed59.png,Remote,We help organizations go passwordless.,W23,B2B SOFTWARE AND SERVICES,SECURITY
PoloPay,https://bookface-images.s3.amazonaws.com/small_logos/125206d3d51ae1a0a9e8a0446836031dcecb557a.png,"San Francisco, CA, USA; Monterrey, N.L., Mexico; Remote","Dynamic menus, order, and pay for LatAm restaurants and coffee shops",W23,B2B SOFTWARE AND SERVICES,
Cloudchipr,https://bookface-images.s3.amazonaws.com/small_logos/96f17fae40f55e74f9d214af11045d8eed8f096f.png,"Remote; Berlin, Berlin, Germany; Hamburg, HH, Germany; Yerevan, Yerevan, Armenia",Workflow Automation for Cloud Operations,W23,B2B SOFTWARE AND SERVICES,
Magik,https://bookface-images.s3.amazonaws.com/small_logos/2bb74aa44b5b28eca9180548406b123ca298d9c9.png,"Remote; San Francisco, CA, USA; Bengaluru, KA, India; Delhi, DL, India; Singapore, Singapore",Production Testing and Monitoring for your LLM App,W23,B2B SOFTWARE AND SERVICES,"ENGINEERING, PRODUCT AND DESIGN"
Chart,https://bookface-images.s3.amazonaws.com/small_logos/847c8944a3b1da7a4392ee16c8ea464990cf70cc.png,"San Francisco, CA, USA; New York, NY, USA",Deploy fast ML infrastructure with one click,W23,B2B SOFTWARE AND SERVICES,INFRASTRUCTURE
Bujeti,https://bookface-images.s3.amazonaws.com/small_logos/017a48860aec587fc693f54e2e4052970a43e5c7.png,"Remote; Lagos, LA, Nigeria; Paris, Île-de-France, France",Corporate cards and expenses management platform for African…,W23,B2B SOFTWARE AND SERVICES,FINANCE AND ACCOUNTING
Index,https://bookface-images.s3.amazonaws.com/small_logos/34516a4e4ad746d681d67d218f96e0e54d8a06dc.png,"San Francisco, CA, USA; Sydney, NSW, Australia",Collaborative planning for high-growth technology companies,W23,B2B SOFTWARE AND SERVICES,PRODUCTIVITY
Buildt,https://bookface-images.s3.amazonaws.com/small_logos/bac72e6784f0430779dc5db04c6c542a679b328e.png,"San Francisco, CA, USA; Remote",AI devtool to search and understand large codebases,W23,B2B SOFTWARE AND SERVICES,
Flower,https://bookface-images.s3.amazonaws.com/small_logos/fd58b70bf08ebd04681433b867e55d90f1a18a12.png,"Remote; Hamburg, HH, Germany",Train AI on distributed data,W23,B2B SOFTWARE AND SERVICES,
Pirros,https://bookface-images.s3.amazonaws.com/small_logos/1d8fb377ca28b7f76f1ea3eaf71e2f5bead2966d.png,,Github for Construction,W23,REAL ESTATE AND CONSTRUCTION,CONSTRUCTION
LinkGrep,https://bookface-images.s3.amazonaws.com/small_logos/36b1df36488e8c11a87320ccb0a8a66e9313c5bd.png,"Remote; San Francisco, CA, USA; New York, NY, USA; Jacksonville, FL, USA",AI browser copilot for teams,W23,B2B SOFTWARE AND SERVICES,PRODUCTIVITY
Bluebirds,https://bookface-images.s3.amazonaws.com/small_logos/47112b0379733750dc3671dd3bcaf900644b154a.png,"San Francisco, CA, USA; Remote",Resell to past customers who switched jobs,W23,B2B SOFTWARE AND SERVICES,SALES
Trigo,https://bookface-images.s3.amazonaws.com/small_logos/f4995777223c0a6941873d356643ed969835aea5.png,"New York, NY, USA; Remote",Rent data API for landlords and lenders,W23,FINANCIAL TECHNOLOGY,CREDIT AND LENDING
Neptyne,https://bookface-images.s3.amazonaws.com/small_logos/4bba48abf01450796ed84c6bb6dcb5adc2044c9a.png,"New York, NY, USA; Remote",The programmable spreadsheet.,W23,B2B SOFTWARE AND SERVICES,
Scanbase,https://bookface-images.s3.amazonaws.com/small_logos/2982f68c8c82ccb0dcb8909ae50c7cdbbdcd9b70.png,"San Francisco, CA, USA; Los Angeles, CA, USA","The API for Diagnostic Test Analysis (COVID-19, FLU, RSV, STD,…",W23,HEALTHCARE,DIAGNOSTICS
Vooma,https://bookface-images.s3.amazonaws.com/small_logos/1fdfc5ed075de08a82ef72ac83e078ba29b962ac.png,"San Francisco, CA, USA",Backoffice automation platform for logistics,W23,B2B SOFTWARE AND SERVICES,SUPPLY CHAIN AND LOGISTICS
CreatorML,https://bookface-images.s3.amazonaws.com/small_logos/31c0f33b040675d37ad24c454e93d4822ec29d9f.png,"Remote; New York, NY, USA",ML-Powered Predictive Analytics for YouTube Creators,W23,B2B SOFTWARE AND SERVICES,ANALYTICS
Coperniq,https://bookface-images.s3.amazonaws.com/small_logos/7c54e8103600ff9df6830a68d7e05aee833434fe.png,"San Francisco, CA, USA; Remote",Workflow software for solar & energy contractors ☀️😎,W23,B2B SOFTWARE AND SERVICES,SUPPLY CHAIN AND LOGISTICS
Zenfetch,https://bookface-images.s3.amazonaws.com/small_logos/3a156c9a2a4a3877a10d6a4df66e69a3f1a0baf1.png,"San Francisco, CA, USA; New York, NY, USA",Real time call intelligence for technical sales teams,W23,B2B SOFTWARE AND SERVICES,SALES
PoplarML,https://bookface-images.s3.amazonaws.com/small_logos/e108e35156cecf90efeb1f504d510fca87ce7b44.png,"San Francisco, CA, USA",Deploy Machine Learning Models with One Command,W23,B2B SOFTWARE AND SERVICES,"ENGINEERING, PRODUCT AND DESIGN"
LaunchFlow,https://bookface-images.s3.amazonaws.com/small_logos/3ba2bf3c743512b0b3cda71e1f81a113f9c1c05c.png,Remote,Serverless data processing,W23,B2B SOFTWARE AND SERVICES,INFRASTRUCTURE
FlexWash,https://bookface-images.s3.amazonaws.com/small_logos/91e7c3ac7ae72c11b4d5a3c04877460cac5d2d3d.png,"Temecula, CA, USA",The operating system for the car wash industry.,W23,B2B SOFTWARE AND SERVICES,OPERATIONS
Gluetrail,https://bookface-images.s3.amazonaws.com/small_logos/97baa360b41371ff371d4719236e15be0226e2c7.png,"Remote; Paris, Île-de-France, France",Build and track your Revenue Plan,W23,B2B SOFTWARE AND SERVICES,OPERATIONS
JustPaid.io,https://bookface-images.s3.amazonaws.com/small_logos/8cf83f77b27332293e02eccf097ecbe921ab590d.png,"Mountain View, CA, USA; Amsterdam, NH, Netherlands; Remote",AI-powered financial controller automating bill pay and invoicing,W23,FINANCIAL TECHNOLOGY,PAYMENTS
OfOne,https://bookface-images.s3.amazonaws.com/small_logos/6f20cb0518a4682de040512f68325cefe65fca72.png,,AI-powered order taker for restaurant drive-thrus,W23,B2B SOFTWARE AND SERVICES,
Narrative,https://bookface-images.s3.amazonaws.com/small_logos/fd0c9a9869afd6e8a0abc998980922778315939f.png,,Bill.com for logistics,W23,B2B SOFTWARE AND SERVICES,SUPPLY CHAIN AND LOGISTICS
Omnistrate,https://bookface-images.s3.amazonaws.com/small_logos/428feb2a5e495458be88abd1793ebca289d4798b.png,"Remote; Redwood City, CA, USA",Transform any software to multi-cloud SaaS in minutes not years,W23,B2B SOFTWARE AND SERVICES,
Feather,https://bookface-images.s3.amazonaws.com/small_logos/e00639c4a34a99e547d8a5fad22777c37c6289f3.png,"San Francisco, CA, USA; New York, NY, USA",The Bloomberg Terminal for retail traders.,W23,FINANCIAL TECHNOLOGY,
Tennr,https://bookface-images.s3.amazonaws.com/small_logos/c8de2a26b3429e58f6e040f79ddca94530b6c3bd.png,Remote,Custom LLMs for Business,W23,B2B SOFTWARE AND SERVICES,
Cakework,https://bookface-images.s3.amazonaws.com/small_logos/c4dbd8d6bcbc396c907943226c3f01d2cbcd5809.png,"Seattle, WA, USA",API that adds cloud hosting to any developer platform,W23,B2B SOFTWARE AND SERVICES,INFRASTRUCTURE
EdgeBit,https://bookface-images.s3.amazonaws.com/small_logos/129c0d512b87fa767fbbc001172d26269d9a0ab0.png,Remote,Security platform to prevent useless supply chain investigation,W23,B2B SOFTWARE AND SERVICES,SECURITY
ZeroDev,https://bookface-images.s3.amazonaws.com/small_logos/a30005e91ad35585a4b56bcea0746fd934004f30.png,"New York, NY, USA; Remote",Account abstraction wallets as a service,W23,B2B SOFTWARE AND SERVICES,INFRASTRUCTURE
Ruby Card,https://bookface-images.s3.amazonaws.com/small_logos/6cbe3ea3f22fe3582cf726551f2d874c197a6aa0.png,"Remote; New York, NY, USA",Neobank for e-commerce businesses,W23,FINANCIAL TECHNOLOGY,
Pledge Health,https://bookface-images.s3.amazonaws.com/small_logos/dce31c6ca3dabf16bfd5ee207762b419f47372bd.png,"New York, NY, USA; Cambridge, MA, USA; Remote",Automated patient billing for independent healthcare clinics,W23,HEALTHCARE,HEALTHCARE IT
Mirio,https://bookface-images.s3.amazonaws.com/small_logos/3f7571de4aabcb1be5c94c52baa0660c71520f19.png,"Remote; San Francisco, CA, USA; New York, NY, USA",Webflow for sales,W23,B2B SOFTWARE AND SERVICES,SALES
Glass Health,https://bookface-images.s3.amazonaws.com/small_logos/a4bfc350809e1c4f0b4e0ccc1e6449d3a68998b6.png,"San Francisco, CA, USA",We empower doctors with AI-assisted diagnosis and clinical…,W23,HEALTHCARE,HEALTHCARE IT
Double,https://bookface-images.s3.amazonaws.com/small_logos/50e5a1022a2437ff5f516fa3afe9ed74fb7be3f4.png,"Redwood City, CA, USA",The IDE for prompt based no-code automations,W23,B2B SOFTWARE AND SERVICES,PRODUCTIVITY
Byterat,https://bookface-images.s3.amazonaws.com/small_logos/66fe73be2b28a9fc12bf769f32efaf4fcf8010b2.png,"San Francisco, CA, USA; London, England, United Kingdom",Benchling for battery companies,W23,INDUSTRIALS,ENERGY
Pair AI,https://bookface-images.s3.amazonaws.com/small_logos/0ba44c88f01b86cb4c44669ac5ff55203d4603af.png,"San Francisco, CA, USA",Reimagining education with short form video and AI,W23,CONSUMER,
Mercoa,https://bookface-images.s3.amazonaws.com/small_logos/b67b90e4f6e84745cd503648bae4a2ed818421e4.png,Remote,Mercoa is the Accounts Payable API for B2B Fintechs,W23,FINANCIAL TECHNOLOGY,
Numeral,https://bookface-images.s3.amazonaws.com/small_logos/609802bd796ff5afaac53afff249cebf9564ba43.png,,Ecommerce sales tax on autopilot.,W23,B2B SOFTWARE AND SERVICES,FINANCE AND ACCOUNTING
Rubber Ducky Labs,https://bookface-images.s3.amazonaws.com/small_logos/80d1f55be06d00fd52db1ea9553e87aa6f8ac9d1.png,"Remote; San Francisco, CA, USA",Operational Analytics for Recommender Systems,W23,B2B SOFTWARE AND SERVICES,"ENGINEERING, PRODUCT AND DESIGN"
Nango,https://bookface-images.s3.amazonaws.com/small_logos/a2c91c467d6826fc9888627093516dbe795e1a6f.png,Remote,Open-source unified API for product integrations,W23,B2B SOFTWARE AND SERVICES,"ENGINEERING, PRODUCT AND DESIGN"
Parabolic,https://bookface-images.s3.amazonaws.com/small_logos/19e1af8a1c45eebbb38eb6d6fb3a5ea0f0096b9c.png,"San Francisco, CA, USA",AI assistant for customer support,W23,B2B SOFTWARE AND SERVICES,
Palomma,https://bookface-images.s3.amazonaws.com/small_logos/6efa2d71f0a1a589e982662a2f6c1a1eab9c259b.png,"Medellín, Antioquia, Colombia; Remote",Frictionless Account to Account (A2A) Payments for LatAm,W23,FINANCIAL TECHNOLOGY,
CodeComplete,https://bookface-images.s3.amazonaws.com/small_logos/2927a080cf5ff614fd75fe0ad078c9a3d577be49.png,Remote,AI-powered code completion for enterprise.,W23,B2B SOFTWARE AND SERVICES,"ENGINEERING, PRODUCT AND DESIGN"
Members.Land,https://bookface-images.s3.amazonaws.com/small_logos/e17356193b3c0cc0b4d57ac175fd4171b0cea020.png,"Palo Alto, CA, USA; Remote",Launch your paid communities using tokenized membership,W23,CONSUMER,SOCIAL
Hammr,https://bookface-images.s3.amazonaws.com/small_logos/38636c8d557c876f06607c37cab2b5419c77fbb5.png,"Remote; San Francisco, CA, USA",Rippling for the Construction Industry,W23,B2B SOFTWARE AND SERVICES,HUMAN RESOURCES
Fabra,https://bookface-images.s3.amazonaws.com/small_logos/3f1bba47760091a4005597316ede5fe002b8a0a2.png,"San Francisco, CA, USA",Import data from your users,W23,B2B SOFTWARE AND SERVICES,
Trackstar,https://bookface-images.s3.amazonaws.com/small_logos/abe1437e8afecc51bbcdce141d3c73065705c143.png,"New York, NY, USA; Remote",Plaid for supply chain logistics,W23,B2B SOFTWARE AND SERVICES,SUPPLY CHAIN AND LOGISTICS
Nebula,https://bookface-images.s3.amazonaws.com/small_logos/ffb7d7237c04ef91841ffa6c06007d8d606413a2.png,"San Francisco, CA, USA",Code-level observability and debugging for large enterprises,W23,B2B SOFTWARE AND SERVICES,INFRASTRUCTURE
FlexDesk,https://bookface-images.s3.amazonaws.com/small_logos/7ba7b37dc3c29d740d89959501d5950b59307a9f.png,"Remote; San Francisco, CA, USA; New York, NY, USA",Helping companies book and manage their spend on coworking space.,W23,B2B SOFTWARE AND SERVICES,OFFICE MANAGEMENT
Rosettic,https://bookface-images.s3.amazonaws.com/small_logos/1113d7d4c7d97fcdf674b93b7875ecc0503e6197.png,,Break down AI and cloud costs by feature and customer,W23,B2B SOFTWARE AND SERVICES,"ENGINEERING, PRODUCT AND DESIGN"
pyq,https://bookface-images.s3.amazonaws.com/small_logos/37465f380cf2fb406afb69f0c588b0b2c9b37313.png,"San Francisco, CA, USA; New York, NY, USA; Seattle, WA, USA; Remote",Easy AI integrations into applications.,W23,B2B SOFTWARE AND SERVICES,INFRASTRUCTURE
Backdrop (previously Twig),https://bookface-images.s3.amazonaws.com/small_logos/dcbaa3bb5c44063d7f8556a66262b6a2852f72aa.png,"San Francisco, CA, USA; Seattle, WA, USA; Remote","Vertical SaaS for the $650B+ Film, TV, and Music Production Industry",W23,B2B SOFTWARE AND SERVICES,
Latent,https://bookface-images.s3.amazonaws.com/small_logos/38b3a7de664099d22e91644d7e73f352ddc41038.png,"San Francisco, CA, USA",Medical language models to automate healthcare operations,W23,HEALTHCARE,HEALTHCARE IT
Concourse,https://bookface-images.s3.amazonaws.com/small_logos/89a98719b39f000949d1e22684220a59ccdaed5b.png,"San Francisco, CA, USA; Remote",Treasury management for global companies,W23,FINANCIAL TECHNOLOGY,PAYMENTS
Viddy,https://bookface-images.s3.amazonaws.com/small_logos/1dfe2f7acf5297dd4c70e312a5b1f29fe5205ad7.png,"New York, NY, USA; Remote",Software infrastructure for video commerce,W23,B2B SOFTWARE AND SERVICES,
Lume,https://bookface-images.s3.amazonaws.com/small_logos/053379bcb6d2f8ca33ff9eb81f1d899a06a6872a.png,"San Francisco, CA, USA; New York, NY, USA",Automate custom data integrations with AI,W23,B2B SOFTWARE AND SERVICES,
Resync,https://bookface-images.s3.amazonaws.com/small_logos/70dc26507880a0ad5bc8705ea32928cb1cb7ff2b.png,"New York, NY, USA; Remote",The execution-focused OKR platform,W23,B2B SOFTWARE AND SERVICES,"ENGINEERING, PRODUCT AND DESIGN"
Pigeon,https://bookface-images.s3.amazonaws.com/small_logos/1ba5c80823fd550126b6ccf61259b290923bb56a.png,,"Document collection made fast, easy, and secure",W23,B2B SOFTWARE AND SERVICES,
Paperplane,https://bookface-images.s3.amazonaws.com/small_logos/5a398ec3d3a9f48bf7d358657bd3080ee55bc17f.png,"New York, NY, USA; London, England, United Kingdom; Remote",Update Salesforce automatically using NLP,W23,B2B SOFTWARE AND SERVICES,SALES
Depot,https://bookface-images.s3.amazonaws.com/small_logos/4d8a00dda148d37efc056ee13a8cf853ba79a8c3.png,"Remote; London, England, United Kingdom; Montpellier, Occitanie, France",Build Docker containers 20x faster,W23,B2B SOFTWARE AND SERVICES,"ENGINEERING, PRODUCT AND DESIGN"
Rollstack,https://bookface-images.s3.amazonaws.com/small_logos/b4f9110f7327a3fc03419f661fef30d16d1d229c.png,"Remote; San Francisco, CA, USA; New York, NY, USA; Paris, Île-de-France, France",Automatically update slide decks from BI tools or data warehouses,W23,B2B SOFTWARE AND SERVICES,ANALYTICS
Mirrorful,https://bookface-images.s3.amazonaws.com/small_logos/ef04a23f3852ec1f47d21ebc04eaa832f538ce8b.png,"Remote; San Francisco, CA, USA",The open-source design system framework,W23,B2B SOFTWARE AND SERVICES,"ENGINEERING, PRODUCT AND DESIGN"
Credal.ai,https://bookface-images.s3.amazonaws.com/small_logos/67584a441ac14e21e59b84f0e3760e5308aaf4dc.png,"New York, NY, USA",The safest way to use AI at the enterprise,W23,B2B SOFTWARE AND SERVICES,PRODUCTIVITY
Layup,https://bookface-images.s3.amazonaws.com/small_logos/c514361b91bc3c5d613a39d48eafd297c0a12050.png,"Remote; San Francisco, CA, USA; New York, NY, USA; Chicago, IL, USA",AI that builds workflows across company apps,W23,B2B SOFTWARE AND SERVICES,PRODUCTIVITY
Doctor Droid,https://bookface-images.s3.amazonaws.com/small_logos/7b6d81dd6d4c4bdc913b702f0bd007e3c36cfe55.png,"San Francisco, CA, USA; Bengaluru, KA, India",Your best friend in production.,W23,B2B SOFTWARE AND SERVICES,"ENGINEERING, PRODUCT AND DESIGN"
Syncly,https://bookface-images.s3.amazonaws.com/small_logos/379f7d037509c4a193a794e437d6dfd11781b2d6.png,"San Francisco, CA, USA; Boston, MA, USA; Seoul, Seoul, South Korea; Remote",AI to automatically analyze all your customer emails,W23,B2B SOFTWARE AND SERVICES,SALES
Versori,https://bookface-images.s3.amazonaws.com/small_logos/4a43c6cd4040e511134228e1f184c25114b22329.png,"Manchester, England, United Kingdom; Remote",Enterprise Integration & Workflow Automation,W23,B2B SOFTWARE AND SERVICES,INFRASTRUCTURE
Trigger.dev,https://bookface-images.s3.amazonaws.com/small_logos/8069166b83a24a11f284e53cf00c907f928eecad.png,"London, England, United Kingdom; Remote",The developer-first open source Zapier alternative,W23,B2B SOFTWARE AND SERVICES,"ENGINEERING, PRODUCT AND DESIGN"
rift,https://bookface-images.s3.amazonaws.com/small_logos/bad003b9e6b5d5aa5f2dbd605812cd3b2604a327.png,"Remote; San Francisco, CA, USA",Cold outbound that doesn't land in spam.,W23,B2B SOFTWARE AND SERVICES,SALES
Traceloop,https://bookface-images.s3.amazonaws.com/small_logos/77e077d7e648235821aeed344f47f425e1070087.png,"Tel Aviv-Yafo, Tel Aviv District, Israel; Remote",LLMs that generate tests and detect anomalies in production,W23,B2B SOFTWARE AND SERVICES,
Matano,https://bookface-images.s3.amazonaws.com/small_logos/a222c90e6dc5a485e0f58e7075243197316b5126.png,"San Francisco, CA, USA; Seattle, WA, USA; Remote",Open Source Cloud Native SIEM (alternative to Splunk/Elastic),W23,B2B SOFTWARE AND SERVICES,SECURITY
Cardinal,https://bookface-images.s3.amazonaws.com/small_logos/b5d014c36052bdd4a69088606fa34d3acd89ab7a.png,"Remote; San Francisco, CA, USA; Austin, TX, USA",Enabling product teams to build measurable features.,W23,B2B SOFTWARE AND SERVICES,"ENGINEERING, PRODUCT AND DESIGN"
Linum,https://bookface-images.s3.amazonaws.com/small_logos/dfa8ece84ef2c7a7d1d679ee7a41f9d4e488ac86.png,"San Francisco, CA, USA",Midjourney for Video,W23,CONSUMER,
OneText,https://bookface-images.s3.amazonaws.com/small_logos/9918e6f95f34bd512b7ab9b29b23ebfc3b8a58dd.png,"Remote; San Francisco, CA, USA; San Jose, CA, USA",Frictionless payments via SMS,W23,FINANCIAL TECHNOLOGY,PAYMENTS
Reflex,https://bookface-images.s3.amazonaws.com/small_logos/79df3adc50323489e2dc1f49c3b4bd66466e4202.png,,(Previously Pynecone) Web apps in pure Python,W23,B2B SOFTWARE AND SERVICES,INFRASTRUCTURE
Blyss,https://bookface-images.s3.amazonaws.com/small_logos/a070a3276443496b8e98455f7edba47028991034.png,"Remote; San Francisco, CA, USA","Leakproof data warehouse, built on homomorphic encryption.",W23,B2B SOFTWARE AND SERVICES,SECURITY
Miracle,https://bookface-images.s3.amazonaws.com/small_logos/c9936490f00c2c8df40acd9fc6a1ba7b5383dc1c.png,"San Francisco, CA, USA",Speed up clinical trials by connecting trial data sources into 1 view,W23,HEALTHCARE,DRUG DISCOVERY AND DELIVERY
Shyp,https://bookface-images.s3.amazonaws.com/small_logos/1bd305b407355f13a8e801afdb6bade4617e5e4e.png,,Marketplace for freight movement in India,W23,B2B SOFTWARE AND SERVICES,SUPPLY CHAIN AND LOGISTICS
Laminate,https://bookface-images.s3.amazonaws.com/small_logos/911c77a885e4bf373adb4a0cdf19e141adc4231a.png,"New York, NY, USA",,W23,FINANCIAL TECHNOLOGY,
Blocksfabrik,https://bookface-images.s3.amazonaws.com/small_logos/ab13f26b83597791ea93dc886b976ccfb905d125.png,Remote,Auto-generate UI components from design guidelines,W23,B2B SOFTWARE AND SERVICES,"ENGINEERING, PRODUCT AND DESIGN"
Stack AI,https://bookface-images.s3.amazonaws.com/small_logos/56ffdf7e6d54cd05e1b72f0622c42dba01ae7c84.png,"San Francisco, CA, USA; Remote",The platform to build LLM applications (i.e. ChatGPT ) in minutes.,W23,B2B SOFTWARE AND SERVICES,"ENGINEERING, PRODUCT AND DESIGN"
Middleware,https://bookface-images.s3.amazonaws.com/small_logos/fdd5ffe56a840ece7a486c0a469ab5e6a8b631d2.png,Remote,AI-based full stack observability platform,W23,B2B SOFTWARE AND SERVICES,INFRASTRUCTURE
Infisical,https://bookface-images.s3.amazonaws.com/small_logos/621cb43ec50d1aae545391abcc114014c84d295f.png,"San Francisco, CA, USA; Remote","Open-source, end-to-end encrypted secrets manager for developers",W23,B2B SOFTWARE AND SERVICES,SECURITY
Avoca,https://bookface-images.s3.amazonaws.com/small_logos/af0e1946dbb90a7a8056019f980831e36b4cc30b.png,,AI-powered communications platform for SMBs,W23,B2B SOFTWARE AND SERVICES,
Rubbrband,https://bookface-images.s3.amazonaws.com/small_logos/b18880e05c9eef448b41e2f69a59b103c451224d.png,,Next-generation vision models,W23,B2B SOFTWARE AND SERVICES,"ENGINEERING, PRODUCT AND DESIGN"
Nucleus,https://bookface-images.s3.amazonaws.com/small_logos/0bfe1d837eccb11d67a31dd9220c5296d542cb1c.png,"San Francisco, CA, USA; Los Angeles, CA, USA; Remote",AI-powered business onboarding & identity verification agent,W23,FINANCIAL TECHNOLOGY,
Sameday,https://bookface-images.s3.amazonaws.com/small_logos/23862516af1ba0bbe26c8d0bea2a9744b359a125.png,"Lehi, UT, USA; Remote",AI sales agents for home service businesses,W23,B2B SOFTWARE AND SERVICES,SALES
Mogara,https://bookface-images.s3.amazonaws.com/small_logos/c2a699d0e9027eaebb6b3f1b637113ae21d3e655.png,"Remote; San Francisco, CA, USA",Automatic software R&D capitalization,W23,B2B SOFTWARE AND SERVICES,FINANCE AND ACCOUNTING
Chima,https://bookface-images.s3.amazonaws.com/small_logos/a5536faf0c37956706227c0349f57943e972007e.png,"San Francisco, CA, USA",Building infrastructure tools to help large companies customize their…,W23,B2B SOFTWARE AND SERVICES,
Lavo Life Sciences,https://bookface-images.s3.amazonaws.com/small_logos/590ccfba5d4f0f97ed00fd962f2fdea307dbea2f.png,,AI for drug formulation,W23,HEALTHCARE,DRUG DISCOVERY AND DELIVERY
AlphaWatch AI,https://bookface-images.s3.amazonaws.com/small_logos/a4cb8ecbcc76362cae5a0f5edc86c8e5e98a1b70.png,"San Francisco, CA, USA; New York, NY, USA",AI copilot for hedge funds with trusted data,W23,FINANCIAL TECHNOLOGY,
Unify,https://bookface-images.s3.amazonaws.com/small_logos/027aebd8670e1f9af979f5faf2e16000e83da2c8.png,"Remote; London, England, United Kingdom",Faster and Cheaper AI With One Line of Code,W23,B2B SOFTWARE AND SERVICES,INFRASTRUCTURE
OpenSight,https://bookface-images.s3.amazonaws.com/small_logos/388789f1c6ffe4850160572101030a86b8e7bc8c.png,"Remote; San Francisco, CA, USA; Sunnyvale, CA, USA",AI-powered customer support automation for fast-growing companies,W23,B2B SOFTWARE AND SERVICES,OPERATIONS
